song name,artist
The Gentle Rain,Mary Juane Clair
Si clair,Mary Juane Clair
Si clair et douce une eau tombait,Mary Juane Clair
Blue Moon,Mary Juane Clair
Body And Soul,Mary Juane Clair
Mad World,Gary Jules
Hurt,Johnny Cash
Breathe Me,Sia
My Immortal,Evanescence
Colorblind,Counting Crows
Goodbye My Lover,James Blunt
Hallelujah,Jeff Buckley
9 Crimes,Damien Rice
Everybody Hurts,R.E.M.
The Scientist,Coldplay
Hurt,Christina Aguilera
Hallelujah,Rufus Wainwright
Angel,Sarah McLachlan
Creep,Radiohead
Roads,Portishead
Tears in Heaven,Eric Clapton
Jar of Hearts,Christina Perri
No Surprises,Radiohead
St. Helens,June Madrona
Yesterday,The Beatles
Nicest Thing,Kate Nash
Fake Plastic Trees,Radiohead
Don't Speak,No Doubt
Brick,Ben Folds Five
Tale for a Sunken Moon,Samantha Bouquin
Lost Cause,Beck
Again,Archive
Everytime,Britney Spears
Run,Snow Patrol
Exit Music (for a Film),Radiohead
Almost Lover,A Fine Frenzy
Asleep,The Smiths
Hurt,Nine Inch Nails
Spiraling Into the Sun,Abandoned Toys
Fix You,Coldplay
Lay Down Your Arms,Flowers From the Man Who Shot Your Cousin
santa fe,June Madrona
Karma Police,Radiohead
Iris,Goo Goo Dolls
Five Views of Ranier,June Madrona
Hello,Evanescence
What Sarah Said,Death Cab for Cutie
The Blower's Daughter,Damien Rice
Untitled,Simple Plan
I Will Follow You Into The Dark,Death Cab for Cutie
How to Disappear Completely,Radiohead
I Do Not Love You Anymore,Flowers From the Man Who Shot Your Cousin
You're Beautiful,James Blunt
Childhood,Flowers From the Man Who Shot Your Cousin
Wish You Were Here,Pink Floyd
Delicate,Damien Rice
Lonely Day,System of a Down
Girls,Flowers From the Man Who Shot Your Cousin
Love Will Tear Us Apart,Joy Division
Unintended,Muse
How to Save a Life,The Fray
Something I Can Never Have,Nine Inch Nails
Street Spirit (Fade Out),Radiohead
Chasing Cars,Snow Patrol
Cancer,My Chemical Romance
I Miss You,blink-182
Dust in the Wind,Kansas
The Drugs Don't Work,The Verve
Hear You Me,Jimmy Eat World
The Branch,Flowers From the Man Who Shot Your Cousin
Sweet Wife,Flowers From the Man Who Shot Your Cousin
Centrefolds,Placebo
Here Without You,3 Doors Down
Flickering Embrace,Abandoned Toys
Cold Water,Damien Rice
Crow Black Harm,Flowers From the Man Who Shot Your Cousin
Happy Things,Flowers From the Man Who Shot Your Cousin
Mouldings,Flowers From the Man Who Shot Your Cousin
River Song,Flowers From the Man Who Shot Your Cousin
Nothing Compares 2 U,Sinéad O'Connor
Wake Me Up When September Ends,Green Day
Postcard From A River,Flowers From the Man Who Shot Your Cousin
What Hurts the Most,Rascal Flatts
Because of You,Kelly Clarkson
Unfaithful,Rihanna
Zombie,The Cranberries
Saddled Up,Flowers From the Man Who Shot Your Cousin
Hide And Seek,Imogen Heap
Samson,Regina Spektor
Personal,Stars
Mt. Shasta,June Madrona
Trouble,Coldplay
Back to Black,Amy Winehouse
Lua,Bright Eyes
Black,Pearl Jam
Zeronin,Eftos
Valse mortuary,Eftos
Videotape,Radiohead
Mad World,Michael Andrews
Running Dry,Flowers From the Man Who Shot Your Cousin
Childbed depression,Eftos
Lover in the Moonlight,June Madrona
Winter,Tori Amos
C10H15N,Eftos
Boulevard of Broken Dreams,Green Day
Eleanor Rigby,The Beatles
Through the Dark Wood,June Madrona
Shit We Did While Drinking,June Madrona
Bellingham  Wind,June Madrona
Arcata,June Madrona
Ten Commandments,Eftos
Hope There's Someone,Antony and the Johnsons
Moonlight Sonata,Ludwig van Beethoven
Something in the Way,Nirvana
Cannonball,Damien Rice
Goodbye,Archive
For My Fallen Angel,My Dying Bride
Perseus,June Madrona
Epsilon Indi,Eftos
Void war II,Eftos
Forget Her,Jeff Buckley
Adagio For Strings,Samuel Barber
Wise Up,Aimee Mann
You Could Be Happy,Snow Patrol
Nihil est,Eftos
Nothing is (not),Eftos
Halfworld,Eftos
Progeria,Eftos
Last Kiss,Pearl Jam
Both Sides Now,Joni Mitchell
Someone Like You,Adele
Without You I'm Nothing,Placebo
the Centralword,Eftos
Needle in the Hay,Elliott Smith
Casimir Pulaski Day,Sufjan Stevens
Early Winter,Gwen Stefani
Carpe Nihil,Eftos
Lunatic ward,Eftos
Munchhausen by Proxy,Eftos
The Forgotten,Eftos
The Show Must Go On,Queen
Why Does My Heart Feel So Bad?,Moby
I Go to Sleep,Sia
In the Lobby,Christina Antipa
N =,Eftos
Valse mortuary (intro),Eftos
Skinny Love,Bon Iver
Transatlanticism,Death Cab for Cutie
Dry Your Eyes,The Streets
My Sweet Prince,Placebo
And All That Could Have Been,Nine Inch Nails
I Don't Believe You,P!nk
Miserable at Best,Mayday Parade
Contrasto,志方あきこ
Perfect Day,Lou Reed
Comfortably Numb,Pink Floyd
Song to Say Goodbye,Placebo
Stop Crying Your Heart Out,Oasis
Inevitable,Shakira
Behind Blue Eyes,Limp Bizkit
Between the Bars,Elliott Smith
The Reason,Hoobastank
Foolish Games,Jewel
The Boy Who Blocked His Own Shot,Brand New
Didn't You Know,Christina Antipa
I'm OK,Christina Aguilera
Zeronin (intro),Eftos
Sorry Seems to Be the Hardest Word,Elton John
My Skin,Natalie Merchant
Everybody's Gotta Learn Sometimes,Beck
Wicked Game,Chris Isaak
Right Where It Belongs,Nine Inch Nails
Konstantine,Something Corporate
Lovesong,Christina Antipa
Famous Blue Raincoat,Leonard Cohen
She Has No Time,Keane
The Greatest,Cat Power
No Bravery,James Blunt
"John Wayne Gacy, Jr.",Sufjan Stevens
Sometime Around Midnight,The Airborne Toxic Event
Running Up That Hill,Placebo
Brothers in Arms,Dire Straits
About Today,The National
Bad Job (Sommermeyer),JS (Joerg Sommermeyer)
Void war II (finale),Eftos
For No One,The Beatles
A Whiter Shade of Pale,Procol Harum
I'm with You,Avril Lavigne
Gabriel,Lamb
Hush,Automatic Loveletter
Bother,Stone Sour
Atmosphere,Joy Division
Warwick Avenue,Duffy
When You're Gone,Avril Lavigne
Here with Me,Dido
Tú,Shakira
Secrets Untold (Feat. Jewls Wilson),Modus
Bedroom Faeries,June Madrona
C10H15N (radio),Eftos
Adam's Song,blink-182
Without You,Harry Nilsson
Disarm,The Smashing Pumpkins
Down in a Hole,Alice in Chains
Let It Be,The Beatles
This Woman's Work,Kate Bush
With or Without You,U2
Who Wants to Live Forever,Queen
Fast Car,Tracy Chapman
Roulette,System of a Down
Nutshell,Alice in Chains
The Eternal,Joy Division
All I Need,Radiohead
Good Woman,Cat Power
Childbed depression (radio),Eftos
Epsilon Indi (radio),Eftos
Valse mortuary (radio),Eftos
Zeronin (radio),Eftos
Bedshaped,Keane
High and Dry,Radiohead
There Is a Light That Never Goes Out,The Smiths
We Might as Well Be Strangers,Keane
The Funeral,Band of Horses
Hey You,Pink Floyd
She's Leaving Home,The Beatles
Outside,Staind
Tonight I Wanna Cry,Keith Urban
Sutra,Modus
Goodbye to You,Michelle Branch
I-n-Gall,Modus
Like a Seed,Christina Antipa
Bitter Sunday (intro),Eftos
Wonderwall,Oasis
Pyramid Song,Radiohead
Through Glass,Stone Sour
Missing,Evanescence
Amie,Damien Rice
Blackout,Muse
The Blowers Daughter,Damien Rice
Love Is a Losing Game,Amy Winehouse
Happy Ending,Mika
The Ghost of You,My Chemical Romance
Sad Eyes,Bat for Lashes
Black Orpheus,Mary Juane Clair
Flume,Bon Iver
Near to You,A Fine Frenzy
Volcano,Damien Rice
Streets of Philadelphia,Bruce Springsteen
Stranger in Moscow,Michael Jackson
Raining In Baltimore,Counting Crows
Tiny Vessels,Death Cab for Cutie
I Know It's Over,The Smiths
When I See You,Modus
Requiem,Modus
Earth's Surface,Christina Antipa
Twilight,Elliott Smith
A Bad Dream,Keane
Cheers Darlin',Damien Rice
I Just Don't Think I'll Ever Get Over You,Colin Hay
How It Ends,DeVotchKa
While My Guitar Gently Weeps,The Beatles
Hometown Glory,Adele
In the Deep,Bird York
Nobody's Home,Avril Lavigne
Landing in London,3 Doors Down
Snuff,Slipknot
A Natural Disaster,Anathema
Alone,Modus
Slipped Away,Avril Lavigne
I Feel Love (Donna Summer) (Modus - Cool Summer Mix),Modus
By Balloon or Sinking Ship,Jordan O'Jordan
Progeria (radio),Eftos
Halfworld (radio),Eftos
Void war II (radio),Eftos
Lunatic ward (radio),Eftos
N = (radio),Eftos
Carpe Nihil (radio),Eftos
Bitter Sunday,Eftos
Eternal Call,Crane's Dreams
Dawn,Crane's Dreams
Karelian Forest,Crane's Dreams
Remember,Crane's Dreams
Voices,Crane's Dreams
Northern Silence,Crane's Dreams
Song of Free Wind,Crane's Dreams
Youth and Stars,Crane's Dreams
Night On the Straw Stack,Crane's Dreams
Lake Balkhash,Crane's Dreams
Polar Region,Crane's Dreams
"Goodbye, Grandmother",Crane's Dreams
November,Crane's Dreams
Memory,Crane's Dreams
Crane's Dreams,Crane's Dreams
Sur le fil,Yann Tiersen
Der Weg,Herbert Grönemeyer
Linger,The Cranberries
Boston,Augustana
"Haligh, Haligh, A Lie, Haligh",Bright Eyes
Follow the Cops Back Home,Placebo
Pierrot the Clown,Placebo
Pieces,Sum 41
No Home,Flowers From the Man Who Shot Your Cousin
Apart,The Cure
The Colour Of Love,Modus
It Might Never Happen,Loons
Moscas en la casa,Shakira
HOLLOW,志方あきこ
Children Without A Dawn,Modus
To You,Christina Antipa
Halfworld (finale),Eftos
Heartbeats,José González
Sour Times,Portishead
A Lack of Color,Death Cab for Cutie
The A Team,Ed Sheeran
High Hopes,Pink Floyd
Against All Odds,Phil Collins
All Good Things (Come to an End),Nelly Furtado
Viva Forever,Spice Girls
The Last Day of Summer,The Cure
Wild Geese,Flowers From the Man Who Shot Your Cousin
You Lost Me,Christina Aguilera
Sorriso,志方あきこ
Siren,志方あきこ
Liberated,Christina Antipa
Fullmoon,Crane's Dreams
Undenied,Portishead
Accidental Babies,Damien Rice
Fire and Rain,James Taylor
Bang Bang (My Baby Shot Me Down),Nancy Sinatra
The Long and Winding Road,The Beatles
Losing My Religion,R.E.M.
The Man Who Sold the World,Nirvana
Luka,Suzanne Vega
Glycerine,Bush
Knockin' on Heaven's Door,Bob Dylan
Broken,Lifehouse
November,Azure Ray
Set the Fire to the Third Bar,Snow Patrol
Epitaph,King Crimson
Cloudy Now,Blackfield
Shape Of My Heart,Sting
Mockingbird,Eminem
One Last Goodbye,Anathema
C10H15N (intro),Eftos
Carpe Nihil (intro),Eftos
Карельский Лес,Crane's Dreams
Bitter Sunday (radio),Eftos
Angie,The Rolling Stones
Ain't No Sunshine,Bill Withers
November Rain,Guns N' Roses
Last Night I Dreamt That Somebody Loved Me,The Smiths
Never Is a Promise,Fiona Apple
Need You Now,Lady Antebellum
Beautiful,Christina Aguilera
Hey There Delilah,Plain White T's
Teardrops on My Guitar,Taylor Swift
Better Than Me,Hinder
Make This Go on Forever,Snow Patrol
Goodbye Blue Sky,Pink Floyd
Stan,Eminem
Nur zu Besuch,Die Toten Hosen
People Ain't No Good,Nick Cave & The Bad Seeds
Shadow of the Day,Linkin Park
Black Coffee,Mary Juane Clair
The Way The Rain Drives In,Loons
Shadow,Britney Spears
Don't Make Me Out as the Asshole,Jordan O'Jordan
Epsilon Indi (finale),Eftos
Progeria (intro),Eftos
Lunatic ward (intro),Eftos
N = (intro),Eftos
The Rip,Portishead
Brothers on a Hotel Bed,Death Cab for Cutie
Bad Day,Daniel Powter
Sleeping with Ghosts,Placebo
Runaway Train,Soul Asylum
Mysterons,Portishead
Me and a Gun,Tori Amos
Names,Cat Power
By Your Side,Sade
Frozen,Madonna
You Found Me,The Fray
4 in the Morning,Gwen Stefani
Miss Misery,Elliott Smith
Comfortable,John Mayer
The Crawl,Placebo
Lilac Wine,Jeff Buckley
Runaway,Yeah Yeah Yeahs
Metal Heart,Cat Power
Bittersweet,Apocalyptica
Blind,Placebo
No,Shakira
Try,Nelly Furtado
A Whore For A Dream,Christina Antipa
Russian Roulette,Rihanna
Lights in the Sky,Nine Inch Nails
Luna piena,志方あきこ
Letters In August,Crane's Dreams
Don't Cry,Guns N' Roses
Tears and Rain,James Blunt
The Sound of Silence,Simon & Garfunkel
Breathe (2 AM),Anna Nalick
Harrowdown Hill,Thom Yorke
Wires,Athlete
A Warm Place,Nine Inch Nails
Ashes and Wine,A Fine Frenzy
Skellig,Loreena McKennitt
White Flag,Dido
Somewhere Only We Know,Keane
Hush Hush,The Pussycat Dolls
Bullet Proof...I Wish I Was,Radiohead
Please Please Please Let Me Get What I Want,The Smiths
The Noose,A Perfect Circle
You Look So Fine,Garbage
Amsterdam,Coldplay
Babe I'm Gonna Leave You,Led Zeppelin
Walk Away,Christina Aguilera
Butterfly,Weezer
Heartattack in a Layby,Porcupine Tree
Born to Die,Lana Del Rey
Warning Sign,Coldplay
Littlest Things,Lily Allen
Fade to Black,Metallica
Day Old Hate,City and Colour
Slow Dancing in a Burning Room,John Mayer
Love Hurts,Incubus
Breathe,Taylor Swift
The Heart Wants What It Wants,Selena Gomez
Ching a Ling Heroes,Syo
The Willow Maid,Erutan
Teardrop,Massive Attack
Wandering Star,Portishead
Last Goodbye,Jeff Buckley
At Seventeen,Janis Ian
Adia,Sarah McLachlan
Keep Breathing,Ingrid Michaelson
Paranoid Android,Radiohead
3 Libras,A Perfect Circle
Travelin' Soldier,Dixie Chicks
Gold Dust,Tori Amos
Pictures of You,The Cure
Letting the Cables Sleep,Bush
Thinking of You,Katy Perry
Lithium,Evanescence
Flint (For the Unemployed and Underpaid),Sufjan Stevens
I Remember,Damien Rice
Chemo Limo,Regina Spektor
The End,The Doors
Ohne dich,Rammstein
Leaving Hope,Nine Inch Nails
Remembering Sunday,All Time Low
Storm,Lifehouse
I'm Still Breathing,Katy Perry
Black & Blue,Chris Garneau
Medusa's Lair,The Synthetic Dream Foundation
Day is Done,Syo
Северная Тишина,Crane's Dreams
Winter Moon,Erutan
The Unforgiven,Metallica
Space Oddity,David Bowie
Drive,The Cars
Your Ex-Lover Is Dead,Stars
I Will Remember You,Sarah McLachlan
Stairway to Heaven,Led Zeppelin
The Bitter End,Placebo
Hate Me,Blue October
Far Away,Nickelback
One,U2
Maps,Yeah Yeah Yeahs
Mad World,Tears for Fears
Silent All These Years,Tori Amos
The Dead Flag Blues,Godspeed You! Black Emperor
Gone Away,My Brightest Diamond
Guess I'm Doing Fine,Beck
Look What You've Done,Jet
As Tears Go By,The Rolling Stones
Why,Annie Lennox
Cup of Coffee,Garbage
Society,Eddie Vedder
Where the Wild Roses Grow,Nick Cave & The Bad Seeds
Ultraviolence,Lana Del Rey
My December,Linkin Park
You'll Think of Me,Keith Urban
Damaged,Plumb
Jesus Christ,Brand New
Soulmate,Natasha Bedingfield
Drive You Home,Garbage
Leave Out All the Rest,Linkin Park
Un-Break My Heart,Toni Braxton
Lose You,Pete Yorn
Together We Will Live Forever,Clint Mansell
Free Stuff,Christina Antipa
Amnesia,志方あきこ
Когда Деревья Были Большие,Crane's Dreams
"What I Want, When How!",Weberty Moreira
Камни,Crane's Dreams
Песня Вольного Ветра,Crane's Dreams
Капчагай,Crane's Dreams
Балхаш,Crane's Dreams
ヒト型式PF試奏例α,志方あきこ
The Boxer,Simon & Garfunkel
Rabbit in Your Headlights,UNKLE
One Headlight,The Wallflowers
River,Joni Mitchell
White Horse,Taylor Swift
I Don't Want to Miss a Thing,Aerosmith
On the Nature of Daylight,Max Richter
Fragile,Sting
Full of Grace,Sarah McLachlan
Another Day in Paradise,Phil Collins
Missing You,Jem
Vincent,Don McLean
Dumb,Nirvana
Cry Me a River,Justin Timberlake
No Distance Left to Run,Blur
Let Down,Radiohead
The Only Exception,Paramore
Don't Bring Me Down,Sia
Wreck Of The Day,Anna Nalick
Another World,Antony and the Johnsons
A Rush of Blood to the Head,Coldplay
Landslide,Fleetwood Mac
Lost in Hollywood,System of a Down
I Hate Everything About You,Three Days Grace
Dreaming With a Broken Heart,John Mayer
Ohne dich,Selig
Disconnect,She Wants Revenge
October,Evanescence
Coldest Winter,Kanye West
The Weight Of The World,Antimatter
La Corolle,志方あきこ
Журавлиные Сны,Crane's Dreams
Помни,Crane's Dreams
Весна,Crane's Dreams
Вечный Зов,Crane's Dreams
Сарыесик-Атырау,Crane's Dreams
Screaming Infidelities,Dashboard Confessional
Here Today,Paul McCartney
Sad Lisa,Cat Stevens
Candle in the Wind,Elton John
Now at Last,Feist
Into Dust,Mazzy Star
Life on Mars?,David Bowie
Bleeding Love,Leona Lewis
Sadness Is a Blessing,Lykke Li
Ne me quitte pas,Jacques Brel
Save Me,Aimee Mann
Nothing Else Matters,Metallica
The Winner Takes It All,ABBA
It Must Have Been Love,Roxette
Already Gone,Kelly Clarkson
Better in Time,Leona Lewis
Winter,Joshua Radin
Smoke,Natalie Imbruglia
The Power of Good-Bye,Madonna
Not Dark Yet,Bob Dylan
Pale Blue Eyes,The Velvet Underground
Ode to Divorce,Regina Spektor
It's Been Awhile,Staind
Let It Die,Feist
Decades,Joy Division
Talk Show Host,Radiohead
This Place Is a Prison,The Postal Service
Older Chests,Damien Rice
Sombra de Ti,Shakira
EXEC_HARMONIUS/.,志方あきこ
Soldier Side,System of a Down
Room of Angel,Akira Yamaoka
The Autumn Leaf Between Us,HitchcockGoHome!
Hero of War,Rise Against
"Vermilion, Pt. 2",Slipknot
金色の嘲笑 ～麗しの晩餐～,志方あきこ
Makeda ～Queen of Sheba～,志方あきこ
Jardin Secret,Cécile Corbel
Secret Love Song,Little Mix
Sea of Love,Cat Power
Each Coming Night,Iron & Wine
The Trapeze Swinger,Iron & Wine
Ode to My Family,The Cranberries
Live With Me,Massive Attack
Bitter Sweet Symphony,The Verve
I Can't Make You Love Me,Bonnie Raitt
The Pieces Don't Fit Anymore,James Morrison
Broken Heart,Spiritualized
Angels,Robbie Williams
After Those Nights,Cyann & Ben
Innocence,Avril Lavigne
"Please, Please, Please, Let Me Get What I Want",The Smiths
Life for Rent,Dido
Helena,My Chemical Romance
Possibly Maybe,Björk
Mr. Gaunt Pt 1000,Soap&Skin
She Will Be Loved,Maroon 5
Baker Baker,Tori Amos
Do What You Have to Do,Sarah McLachlan
Working Class Hero,John Lennon
Please Forgive Me,Bryan Adams
Knives Out,Radiohead
Where'd You Go,Fort Minor
Girl,The Beatles
Nightswimming,R.E.M.
Elephant,Damien Rice
Crying,Roy Orbison
Endlessly,Muse
Ruled by Secrecy,Muse
Emotion,Destiny's Child
Hope Leaves,Opeth
"Lover, You Should've Come Over",Jeff Buckley
Heaven Can Wait,Meat Loaf
In Loving Memory,Alter Bridge
Round Here,Counting Crows
Mother,John Lennon
Why Do I Feel So Sad,Alicia Keys
In My Life,The Beatles
So Far Away,Staind
Illusion,VNV Nation
Way To Fall,Starsailor
Mad World,Alex Parks
The World at Large,Modest Mouse
So Sorry,Feist
Autumns Monologue,From Autumn To Ashes
Ruska,Apocalyptica
Eden,Hooverphonic
Follow The Leader,Matthew Ryan
Hoodoo,Muse
Broken,Seether (feat. Amy Lee)
Cemetery,Silverchair
I Don't Love You,My Chemical Romance
Ice Water,Cat Power
An Early Spring,June Madrona
In der Palästra,Sopor Aeternus & The Ensemble of Shadows
Dear Agony,Breaking Benjamin
Down,Jason Walker
What's To Become Of Bristol,Loons
The Sun Doesn't Shine,Syo
Se Você Quiser,Weberty Moreira
Under the Bridge,Red Hot Chili Peppers
Superstar,Sonic Youth
Long Nights,Eddie Vedder
Lovesong,The Cure
Glory Box,Portishead
Existentialism On Prom Night,Straylight Run
I Am a Rock,Simon & Garfunkel
If You're Not the One,Daniel Bedingfield
Cry,James Blunt
Sacrifice,Elton John
Time After Time,Cyndi Lauper
Torn,Natalie Imbruglia
She's Lost Control,Joy Division
Just Hold Me,Maria Mena
Milk,Garbage
Motion Picture Soundtrack,Radiohead
Me vs. Maradona vs. Elvis,Brand New
Bring Me to Life,Evanescence
Rapunzel,Emilie Autumn
The Man Who Can't Be Moved,The Script
Otherside,Red Hot Chili Peppers
Fallen,Sarah McLachlan
I See a Darkness,Bonnie 'Prince' Billy
Behind Blue Eyes,The Who
No One's Gonna Love You,Band of Horses
Protect Me from What I Want,Placebo
Stephanie Says,The Velvet Underground
Who Knew,P!nk
What If,Coldplay
Wake Up Alone,Amy Winehouse
Poison Oak,Bright Eyes
Philadelphia,Neil Young
I Wish It Would Rain,The Temptations
The Freshmen,The Verve Pipe
Imagine,A Perfect Circle
Two Beds and a Coffee Machine,Savage Garden
Disintegration,The Cure
Play Crack the Sky,Brand New
Death Is the Road to Awe,Clint Mansell
Indifference,Pearl Jam
A Modern Myth,30 Seconds to Mars
Farewell,Apocalyptica
Swans,Unkle Bob
Oh Mother,Christina Aguilera
Романс,Сплин
Never Too Late,Three Days Grace
You're Not Sorry,Taylor Swift
Human,Civil Twilight
All by Myself,Céline Dion
Too Lost in You,Sugababes
Tallulah,Sonata Arctica
晴れすぎた空の下で,志方あきこ
Loneliest Girl In The World,Cary Brothers
Your Guardian Angel,The Red Jumpsuit Apparatus
Just a Dream,Carrie Underwood
祈り ～モンラム～,志方あきこ
Drifting Alone,Labores Somnium
I Miss You,Labores Somnium
Заполярье,Crane's Dreams
Может Быть,Crane's Dreams
Suzanne,Leonard Cohen
Play Dead,Björk
Naked As We Came,Iron & Wine
Bohemian Rhapsody,Queen
Wonderwall,Ryan Adams
Cry Me a River,Julie London
A Long December,Counting Crows
All by Myself,Eric Carmen
Jealous Guy,John Lennon
Everybody's Changing,Keane
Imagine,John Lennon
Strange Fruit,Billie Holiday
Spiegel im Spiegel,Arvo Pärt
Don't Give Up,Peter Gabriel
Sarajevo,Max Richter
Mr. Brightside,The Killers
30 Minutes,t.A.T.u.
Set Fire to the Rain,Adele
Romeo and Juliet,Dire Straits
I Will Always Love You,Whitney Houston
Why Does It Always Rain on Me?,Travis
All Apologies,Nirvana
Everyday Is Like Sunday,Morrissey
Doll Parts,Hole
Good Riddance (Time of Your Life),Green Day
Summer Skin,Death Cab for Cutie
Good Enough,Evanescence
Dirty Little Secret,Sarah McLachlan
When She Loved Me,Sarah McLachlan
It's a Motherfucker,Eels
The Fool on the Hill,The Beatles
Doomsday,Murray Gold
The Same Deep Water as You,The Cure
In the End,Linkin Park
On Your Porch,The Format
Stella Was a Diver and She Was Always Down,Interpol
Place to Be,Nick Drake
Family Portrait,Pink
Crestfallen,The Smashing Pumpkins
Try Again,Keane
Bullet Proof..I Wish I Was,Radiohead
Lost Song,Ólafur Arnalds
Frozen,Within Temptation
Weak and Powerless,A Perfect Circle
She Doesn't Live Here Anymore,Jay-Jay Johanson
Gone Away,The Offspring
Scars,Papa Roach
If I Were a Boy,Beyoncé
My Sundown,Jimmy Eat World
Half Life,Imogen Heap
Relief,Chris Garneau
Apologize,OneRepublic
Too Much Love Will Kill You,Queen
Into the West,Annie Lennox
Lost Control,Anathema
Settled Ice,Loons
Sono L'Antichristo,Diamanda Galás
Whiskey Lullaby,Brad Paisley
Wire to Wire,Razorlight
Letter to a Lightning Bug,Jordan O'Jordan
何処へ,志方あきこ
Lanium,Eftos
Notting Hill Gate,Loons
Осень,Crane's Dreams
Не Вернуть,Crane's Dreams
Forever More (feat. Lauren Krothe),The Synthetic Dream Foundation
Кемь,Crane's Dreams
Осень II,Crane's Dreams
Sometimes,My Bloody Valentine
Only You,Portishead
First Day of My Life,Bright Eyes
Heart of Gold,Neil Young
Fade Into You,Mazzy Star
Wherever You Will Go,The Calling
Porcelain,Moby
Bridge over Troubled Water,Simon & Garfunkel
Fields Of Gold,Eva Cassidy
You Were Meant For Me,Jewel
My Heart Will Go On,Céline Dion
Nothing Else Matters,Apocalyptica
How You Remind Me,Nickelback
Bed Of Roses,Bon Jovi
The Kill,30 Seconds to Mars
Creep (Acoustic),Radiohead
The Day the World Went Away,Nine Inch Nails
Love Hurts,Nazareth
Hey Jupiter,Tori Amos
Lonesome Tears,Beck
La Dispute,Yann Tiersen
Le Moulin,Yann Tiersen
Behind These Hazel Eyes,Kelly Clarkson
Show,Beth Gibbons & Rustin Man
Homesick,Kings of Convenience
Gorecki,Lamb
Lady,Regina Spektor
Be Be Your Love,Rachael Yamagata
Family Portrait,P!nk
Bells for Her,Tori Amos
Love of My Life,Queen
Fields of Gold,Sting
These Are the Days of Our Lives,Queen
I Want You,Elvis Costello
Special Needs,Placebo
Apologize,Timbaland
We Belong Together,Mariah Carey
The Luckiest,Ben Folds
Summer in the City,Regina Spektor
Spending My Time,Roxette
Forgive Me,Evanescence
Burger Queen,Placebo
Plainsong,The Cure
Does He Love You?,Rilo Kiley
Daniel,Bat for Lashes
Stay Together for the Kids,blink-182
Sparks,Coldplay
We Never Change,Coldplay
When You're Gone,The Cranberries
The First Cut Is the Deepest,Sheryl Crow
Disenchanted,My Chemical Romance
How To Fight Loneliness,Wilco
Mama Said,Metallica
Maybe Not,Cat Power
Beloved Wife,Natalie Merchant
Empty,The Cranberries
Everything Will Be Alright,The Killers
Twenty Years,Placebo
Collapse the Light Into Earth,Porcupine Tree
Stepping Stone,Duffy
No Regrets,Robbie Williams
Crying in the Rain,a-ha
Nothingman,Pearl Jam
Stole,Kelly Rowland
To Wish Impossible Things,The Cure
Epiphany,Staind
True Love Waits,Radiohead
Closer,Joshua Radin
"Fred Jones, Part 2",Ben Folds
Black Balloon,Goo Goo Dolls
Valentine's Day,Linkin Park
Where I Stood,Missy Higgins
Stars,t.A.T.u.
Lovesong,Adele
Gravity,Sara Bareilles
If You Leave,Nada Surf
Le vent m'emporte,Cécile Corbel
Blue and Yellow,The Used
Are You There?,Anathema
Concrete Angel,Martina McBride
My Mamma Said,Aqua
Cerce's Armoured Owls,The Synthetic Dream Foundation
Finding Myself,Smile Empty Soul
Addicted,Enrique Iglesias
Your Call,Secondhand Serenade
Confessional (Give Me Sodomy Or Give Me Death),Diamanda Galás
It's So Hard To Say Goodbye To Yesterday,Boyz II Men
From My Hands,VNV Nation
Та4то,Бумбокс
Summoning Her Iron Golem,The Synthetic Dream Foundation
One Last Time,The Kooks
金環蝕,志方あきこ
Dont Speak,Labores Somnium
What We Want,Brittain Ashford
Рассвет,Crane's Dreams
John Wood,paloma
Hallelujah,Leonard Cohen
How to Be Dead,Snow Patrol
To Build a Home,The Cinematic Orchestra
Pitseleh,Elliott Smith
Somebody That I Used To Know,Elliott Smith
Breakeven,The Script
Lover I Don't Have to Love,Bright Eyes
Father And Son,Cat Stevens
The Closest Thing to Crazy,Katie Melua
Wild Horses,The Rolling Stones
Cat's in the Cradle,Harry Chapin
Hallelujah,John Cale
Stay,Sugarland
Street Spirit,Radiohead
Quiet,Rachael Yamagata
That Joke Isn't Funny Anymore,The Smiths
Thank You,Dido
My Lover's Gone,Dido
Pink Moon,Nick Drake
These Days,Nico
Tiny Tears,Tindersticks
Adagio,Tomaso Giovanni Albinoni
Better That We Break,Maroon 5
Nothing Better,The Postal Service
Shalott,Emilie Autumn
The Host of Seraphim,Dead Can Dance
The River,Bruce Springsteen
Sometimes You Can't Make It On Your Own,U2
Say It Right,Nelly Furtado
Photograph,Nickelback
Who Knew,Pink
World Spins Madly On,The Weepies
Map of the Problematique,Muse
One,Aimee Mann
One,Johnny Cash
Landlocked Blues,Bright Eyes
All Cats Are Grey,The Cure
Commercial for Levi,Placebo
Blue American,Placebo
Dear Darkness,PJ Harvey
Nude,Radiohead
Champagne Supernova,Oasis
Parasite,Nick Drake
Après Moi,Regina Spektor
Changes,Black Sabbath
Show Me the Meaning of Being Lonely,Backstreet Boys
Televators,The Mars Volta
All The Same,Sick Puppies
Passenger Seat,Death Cab for Cutie
You Were Mine,Dixie Chicks
Northern Lad,Tori Amos
Playboy Mommy,Tori Amos
Flames,Vast
Drugs or Me,Jimmy Eat World
Sleeping Sun,Nightwish
"No Lies, Just Love",Bright Eyes
Forgiven,Within Temptation
Memories,Within Temptation
The Day Before the Day,Dido
Everything Means Nothing To Me,Elliott Smith
My Last Breath,Evanescence
Tom Traubert's Blues,Tom Waits
Mad World (feat. Gary Jules),Michael Andrews
Passive Aggressive,Placebo
"Adagio for Strings, Op. 11",Samuel Barber
The First Days Of Spring,Noah and the Whale
There Is,Box Car Racer
Demolition Lovers,My Chemical Romance
I'm Lost Without You,blink-182
Blind,Lifehouse
Comptine D'un Autre été,Yann Tiersen
Seize the Day,Avenged Sevenfold
Sober,Kelly Clarkson
Perfect,Simple Plan
Cry,Rihanna
In This River,Black Label Society
Another Lonely Day,Ben Harper
Siamese Twins,The Cure
Split Screen Sadness,John Mayer
Soldier Of Fortune,Deep Purple
Trust,The Cure
Walking By,Something Corporate
Mexico,Incubus
I Need Some Sleep,Eels
An Old Foundry Fable,Jordan O'Jordan
Not as We,Alanis Morissette
Indiana,Jon McLaughlin
Try Sleeping with a Broken Heart,Alicia Keys
Maybe California,Tori Amos
The Last Song I'm Wasting on You,Evanescence
Goodbye,Miley Cyrus
Sonne,Farin Urlaub
Chciałbym umrzeć z miłości,Myslovitz
Best of Me,Sum 41
Bottom of the Ocean,Miley Cyrus
Last Kiss,Taylor Swift
まほろば,志方あきこ
Quote,Evans Blue
Moonlight Sonata,Labores Somnium
Leisure,Loons
Sad Maniac (Sommermeyer),JS (Joerg Sommermeyer)
Лето,Crane's Dreams
Together We Will Live Forever,Labores Somnium
Temple of the Sky,Erutan
Der Preis des Lohns,matz riga
Ursae (Ursae Majoris),Luc Arbogast
I Shall Believe,Sheryl Crow
Title and Registration,Death Cab for Cutie
Things Behind the Sun,Nick Drake
River Man,Nick Drake
Ladies and Gentlemen We Are Floating in Space,Spiritualized
Sideways,Citizen Cope
Spies,Coldplay
So Far Away,Carole King
Right Here Waiting,Richard Marx
In My Life,Johnny Cash
Blue in Green,Miles Davis
Porcelain,Red Hot Chili Peppers
Blackbird,The Beatles
Someone Great,LCD Soundsystem
Any Other Name,Thomas Newman
Maggot Brain,Funkadelic
How Soon Is Now?,The Smiths
The Hill,Marketa Irglova
You Know I'm No Good,Amy Winehouse
Coma White,Marilyn Manson
Tourniquet,Evanescence
Only in Dreams,Weezer
I Love You,Sarah McLachlan
Chi mai,Ennio Morricone
Heroin,The Velvet Underground
Love Ridden,Fiona Apple
Sullen Girl,Fiona Apple
Total Eclipse of the Heart,Bonnie Tyler
Adagio in G minor,Tomaso Giovanni Albinoni
Other Side of the World,KT Tunstall
Denk nur (Sommermeyer),JS (Joerg Sommermeyer)
"Bunt sind schon die Wälder (Reichardt, arr. Sommermeyer)",JS (Joerg Sommermeyer)
"Ich hab die Nacht geträumet (Traditional, arr. Sommermeyer)",JS (Joerg Sommermeyer)
A Taste of Pachelbel (Sommermeyer),JS (Joerg Sommermeyer)
Maniac (Sommermeyer),JS (Joerg Sommermeyer)
Last Flowers,Radiohead
Gesums (Sommermeyer),JS (Joerg Sommermeyer)
Aja (Sommermeyer),JS (Joerg Sommermeyer)
Vow (Sommermeyer),JS (Joerg Sommermeyer)
Aurelio,Cédric Vuille
Petit hérisson triste,Cédric Vuille
Keep Holding On,Avril Lavigne
One Last Cry,Brian McKnight
Year of my Solstice,3 Mice
Somewhere In My Broken Heart,Billy Dean
When It Rains,Paramore
Just A Friend,All Ends
Slide Show,Cédric Vuille
Here Comes Goodbye,Rascal Flatts
Hang,Matchbox Twenty
Taste Of Blood,Archive
Sad Song,Au Revoir Simone
Over and Over,Three Days Grace
Carolina Drama,The Raconteurs
Your Embrace,Shakira
Nights Like This,After 7
Lost,Beseech
For Blue Skies,Strays Don't Sleep
4:AM Forever,Lostprophets
I Can't Unlove You,Kenny Rogers
Hey You (1994 Digital Remaster),Pink Floyd
Higher Power,Mark Salling
Run Joey Run,Glee Cast
Take These Chains from My Heart,Roy Drusky
La Mort de la Biskwee [From Belliou-LA-Fumee],L'Ensemble Rayé
La belle ancolie,Cédric Vuille
TV Screen,Iggy Pop
Forever Young,Luke De-Sciscio
My Crime,Luke De-Sciscio
Say Goodbye,Chris Brown
Fa-Fa-Fa-Fa-Fa (Sad Song),Otis Redding
A Tender Lie,Restless Heart
Hey There Lonely Girl,Eddie Holman
Tear,The Smashing Pumpkins
End of the Road,Boyz II Men
Zero-Sum,Nine Inch Nails
Die Kuh beim Frühstück,L'Ensemble Rayé
Ghost in This House,Alison Krauss
Harder Now That It's Over,Ryan Adams
Everything,Lifehouse
Save Me,Queen
Book of Saturday,King Crimson
Where Will You Go,Babyface
Missing You,Case
Scorn Not His Simplicity,Sinéad O'Connor
Whatsername,Green Day
Ribbons Undone,Tori Amos
Where Were You (When The World Stopped Turning),Alan Jackson
Here We Go,Jon Brion
Without You Here,Goo Goo Dolls
Break It Up,Scooter
The Forgotten,Green Day
Visions Prelude,Angra
If You're Reading This,Tim McGraw
Fix You,The Offspring
Sad Song,Oasis
All at Once,Whitney Houston
One Sweet Day,Mariah Carey
Lonely,2NE1
Living Proof,Ricky Van Shelton
She Don't Want the World,3 Doors Down
Say Goodbye,Skillet
"One Year, Six Months",Yellowcard
Swing Life Away (Acoustic),Rise Against
How Could an Angel Break My Heart,Toni Braxton
Perfect Moment,Hyde
I Don't Call Him Daddy,Doug Supernaw
Mesmo que Mude,Bidê ou Balde
Smile,Tamia
Vento No Litoral,Legião Urbana
Heroic,[:SITD:]
Sad Song,Peasant
The Illiterates,Cédric Vuille
The Girl I Loved Before I Fucked,Arab Strap
Feel The Silence,Goo Goo Dolls
Little Miss Perfect,Sugababes
Note On The Door,The Layaways
The Way Down,The White Tie Affair
너로 보인다,스매쉬
Headed for the Ocean,Favez
Love Hurts,Jon B.
Faire,Cédric Vuille
Adore You,Lil Rain
Sad Song,Noel Gallagher
If You Want Me To,Joe Diffie
Durezze (Sommermeyer),JS (Joerg Sommermeyer)
Tell Me,Tim Tibbitts
Not in Nottingham,Mumford & Sons
Nobody Likes Sad Songs,Ronnie Milsap
Rain Sound,B.A.P
Last Time Together,EnkElination
느린노래,백아연
Pictures of Me,Elliott Smith
Change Is Hard,She & Him
Jeanny,Falco
Sleep,Azure Ray
California,Copeland
Welcome Home,Radical Face
Comforting Sounds,Mew
A Lifetime,Better Than Ezra
Sleep,The Dandy Warhols
So Much for My Sad Song,Chris Rice
Lonesome Town,Rick Nelson
Autumn Leaves,Eva Cassidy
I'll Wait for You,Joe Nichols
Smoky Mountain Rain,Ronnie Milsap
He Stopped Loving Her Today,George Jones
One Moment More,Mindy Smith
Spanish Eyes,Al Martino
Talking In Your Sleep,Crystal Gayle
Years,Barbara Mandrell
Days Like These,Janis Ian
One Less Bell To Answer,The 5th Dimension
The Sun Ain't Gonna Shine Anymore,The Walker Brothers
Lucille,Kenny Rogers
Till It Happens to You,Corinne Bailey Rae
You Raise Me Up,Westlife
Not Pretty Enough,Kasey Chambers
Six O'Clock News,Kathleen Edwards
You Don't Even Know Who I Am,Patty Loveless
A Amigo J.V.,Los Fabulosos Cadillacs
Smile,Michael Jackson
Crucial,K-OS
Rainy Night In Georgia,Brook Benton
Fuck Was I,Jenny Owen Youngs
Tiny Cities Made of Ashes,Sun Kil Moon
Cry,Mandy Moore
Last Request,Paolo Nutini
I Think It's Going to Rain Today,Bette Midler
Unloveable,The Smiths
Cousin of Death,La Coka Nostra
The Stain,La Coka Nostra
Halleluja,Jeff Buckley
Blue Caravan,Vienna Teng
Jaan Pehechaan Ho,Mohammed Rafi
Spanish Doll,Poe
Lucky,Bif Naked
The Point of It All,Amanda Palmer
Perfect Enemy,t.A.T.u.
The Rose,Bette Midler
Born in the USA,Bruce Springsteen
Overcome,Live
Against All Odds (Take a Look at Me Now),Phil Collins
Sylvia's Mother,Dr. Hook
The Most Beautiful Girl,Charlie Rich
Band of Gold,Freda Payne
Low C,Supergrass
Second Chance,Shinedown
What About Now,Daughtry
Bye Bye,Mariah Carey
Silver Lining,Hurts
Requiem,M. Ward
Shankill Butchers,The Decemberists
Karma Police,Easy Star All-Stars
If You Go Away,Marc Almond
This Boy,The Beatles
The Only One,Evanescence
Pittsfield,Sufjan Stevens
Circus,Eric Clapton
Cold as You,Taylor Swift
Ben's Song,Sarah McLachlan
They Won't Go When I Go,George Michael
Winter Kills,Yazoo
The Love Thieves,Depeche Mode
Nothing to Give,White Lies
jimmy,Tool
Love's A Game,The Magic Numbers
The High Road,Bettye Lavette
The End of the World,Skeeter Davis
Some Things Last a Long Time,Daniel Johnston
Shipbuilding,Robert Wyatt
This Old House,Loretta Lynn
Deep Sea Diver,Grizzly Bear
Finch on Saturday,Horse Feathers
Pearls on a Plate,Pretty Girls Make Graves
Tuesday's Gone,Metallica
A Good Year For The Roses,George Jones
The Piano,PJ Harvey
"Jesus, Etc.",Wilco
Sad Song (demo),The Velvet Underground
Beautiful Goodbye,Amanda Marshall
Telescope Eyes,Eisley
Watch T.V.,Rasputina
Laura Palmer's Theme,Angelo Badalamenti
Blind Love,Tom Waits
Window,The Album Leaf
Ghost,VNV Nation
My Father,This Mortal Coil
Strength of Strings,This Mortal Coil
Mississippi,Train
Lightbulbs,Fujiya & Miyagi
The Night,Morphine
Blue And Alone,Weeping Willows
Sunshower,Chris Cornell
The Grand Duel (Parte Prima),Luis Bacalov
Sway,The Perishers
Sweet Little Mystery,John Martyn
Bless The Weather,John Martyn
Today,Jefferson Airplane
Why Should I Care,Diana Krall
Your Loving Arms,Billie Ray Martin
Late,Ben Folds
Paradise,Bruce Springsteen
Where've You Been,Kathy Mattea
Tuesday Morning,Melissa Etheridge
House Carpenter,Nickel Creek
You're Stronger Than Me,Patsy Cline
Rain,Patty Griffin
Plenty,Sarah McLachlan
The Difficult Kind,Sheryl Crow
Sweet Savannah,Shooter Jennings
Mellon Collie and the Infinite Sadness,The Smashing Pumpkins
She's A Jar,Wilco
Alpha,Vangelis
Moon River,Henry Mancini
Time,Tom Waits
Sleep,Poets of the Fall
Late Goodbye,Poets of the Fall
Love Somebody,Robbie Williams
Run,Leona Lewis
Separated,Avant
What You're Made Of,Lucie Silvas
Night Flight,Vanessa-Mae
Lift Me Up,Christina Aguilera
The Counter,Psapp
Mt. St. Helens,Mirah
Paper Aeroplane,KT Tunstall
"My Woman, My Woman, My Wife",Marty Robbins
Anywhere I Lay My Head,Tom Waits
Perfect,The Smashing Pumpkins
Jacob's Dream,Alison Krauss
Saint James Infirmary,Van Morrison
Nothing to Lose,Billy Talent
The Long Goodbye,Ronan Keating
Haunt You Every Day,Weezer
Ameno (Remix),Era
Don't Call Me Peanut,Bayside
Mad About You,Sting
Circle,Slipknot
Do What I Gotta Do,Ralph Tresvant
Miss Otis Regrets,Ella Fitzgerald
Penny to My Name,Eva Cassidy
Disappointed,Morrissey
Lucy At The Gym,Jill Sobule
California Dreamin',José Feliciano
Lady,Kenny Rogers
Heartless,Kris Allen
Hope,John Frusciante
April,Chapterhouse
Too Late,M83
Nymphetamine,Cradle of Filth
Caruso,Luciano Pavarotti
Power Trip Ballad,Maria Mena
Meds (feat. VV of The Kills),Placebo
Believe,Elton John
Torch,Soft Cell
One More Sad Song,The All-American Rejects
Steel Rain,Chris Cornell
Letters To God,Box Car Racer
I Don't Know You Anymore,Savage Garden
Lentil,Sia
Something Called Love,A Secret Sense
Everything's Too Cold...But Yo,The Early November
Shy,Sonata Arctica
Potok,Kopir Rozsywal Bestar
Говори,Звери
Мусорный ветер,Крематорий
Клен,Синяя Птица
Can't Take It,The All-American Rejects
Why Go?,Faithless
How Can I Help You Say Goodbye,Patty Loveless
A Dream Within A Dream,Oren Lavie
Internal Crash,Loquat
You Broke My Heart,William Fitzsimmons
Belief,John Mayer
Letters From Home,John Michael Montgomery
Startin' With Me,Jake Owen
Best I Ever Had,Gary Allan
Dance With My Father,Luther Vandross
Holiday,Scorpions
Forever,Stratovarius
The Fallen One,HammerFall
A Little Rain,Tom Waits
U-Turn (Lili),Aaron
Gone Till November,Wyclef Jean
Twilight and Shadow,Howard Shore
Song to Sing When I'm Lonely,John Frusciante
You'll Never Leave Harlan Alive,Brad Paisley
Comme J'Ai Mal,Mylène Farmer
Appelle Mon Numéro,Mylène Farmer
Torch Song,The Walkmen
Goodbye Weekend,Mac DeMarco
Entre nous,Chimène Badi
Don't Think I Don't Think About It,Darius Rucker
Ruby and Carlos,James McMurtry
Don't Let Me Fall,Hayes Carll
This Land,Hans Zimmer
I Must Have Been Blind,This Mortal Coil
Do You Dream at All,Tilly and the Wall
No Joy in Mudville,Death Cab for Cutie
The Right Man,Christina Aguilera
Miss U,Blackfield
Bad Bone,The Frames
Sky Blue Sky,Wilco
First Love,宇多田ヒカル
Katy Song,Red House Painters
Even Thieves Couldn't Lie,The Black Heart Procession
Big Yellow Taxi,Amy Grant
"Stand Still, Look Pretty",The Wreckers
Crying in the Chapel,Elvis Presley
Ave Maria,Beyoncé
Songs About Rain,Gary Allan
Walkaway,Cast
Fragrance,GACKT
SECRET LETTERS,Hyde
Ring My Bells,Enrique Iglesias
Sealed With A Kiss,Jason Donovan
Brutal Love,Green Day
Saving All My Love for You,Whitney Houston
My Baby You,Marc Anthony
Longing For,Jah Cure
I Stopped to Fill My Car Up,Stereophonics
Tarantula,The Smashing Pumpkins
Do I Have to Say the Words,Bryan Adams
Pain in Any Language,Apollo 440
Baby Blue,Emilíana Torrini
Song for You,Alexi Murdoch
The Curse,Josh Ritter
I Remember,Keyshia Cole
Adagio,Lara Fabian
Late in the Day,Supergrass
Addicted,Simple Plan
Perfect World,Simple Plan
Enjoy Your Day,Alkaline Trio
Jimmy Gets High,Daniel Powter
널 붙잡을 노래,비
Tell Her No,The Zombies
See You At The Show,Nickelback
Stop Crying Your Heart Out,Leona Lewis
What Went Wrong,blink-182
On Your Way Home,Patty Loveless
Don't Let Go (Love),En Vogue
Fool,Cat Power
I Won't See You Tonight Part 1,Avenged Sevenfold
Final Fantasy 7 Aeris Lives OC ReMix,Kevin Lau
"Billy, Don't Be A Hero",Bo Donaldson & The Heywoods
Simple Together,Alanis Morissette
4am,Our Lady Peace
Meet You There,Simple Plan
Forever as One,Vengaboys
Theme of Laura,Akira Yamaoka
Feed Jake,Pirates Of The Mississippi
Humanity,Scorpions
Lost Love,Judas Priest
Mein Freund der Baum,Alexandra
The Saddest Song,The Ataris
Redemption,Frank Turner
Winds of Change,Scorpions
Shape of My Heart,Backstreet Boys
A Distance There Is,Theatre of Tragedy
Strange and Beautiful (I'll Put a Spell on You),Aqualung
Do You Know? (The Ping Pong Song),Enrique Iglesias
These Points Balance,Gregor Samsa
"Please, Please, Please Let Me Get What I Want",The Smiths
Broke Down,Slaid Cleaves
Forest of Love,Antony and the Johnsons
Unbeliever,Therapy?
Bering,Talkdemonic
Dear Mr. President,P!nk
Only Hope,Mandy Moore
Into the Sun,Lifehouse
A Wolf at the Door.,Radiohead
Tango,The Gnu And His Bingo Bongo From Rockellandia
The Stranger,Alessandro Alessandroni
Sakura Drops,宇多田ヒカル
Fragile Dreams,Anathema
Hymn For The Missing,Red
Luca,Brand New
Angelfuck,Misfits
Personne,Pascal Obispo
Aller Plus Haut,Tina Arena
Verdi Cries,"10,000 Maniacs"
I Hate U,Prince
Future,GACKT
Promise to Try,Madonna
Don't Let Daddy Kiss Me,Motörhead
I Will Love Again,Lara Fabian
Little Rock,Collin Raye
I Love You,Dru Hill
History,Funeral for a Friend
Gotta Be Somebody's Blues,Jimmy Eat World
Terrible Love,Birdy
Alone,Ben Harper
Heaven and Hell,Tina Dickow
Fallen Madonna,Tina Dickow
Valparaiso,Sting
Lost Verses,Sun Kil Moon
Don't Take the Girl,Tim McGraw
Nobody's Home (Live Acoustic),Avril Lavigne
Sally's Pigeons,Cyndi Lauper
I Look to You,Whitney Houston
She Thinks His Name Was John,Reba McEntire
Teen Idle,Marina & the Diamonds
Sie hacken auf mir rum,Thomas D
In A Manner Of Speaking,Martin L. Gore
What I'd Say,Gary Allan
I Can Still Make Cheyenne,George Strait
Tender Years,George Jones
Who's Gonna Fill Their Shoes,George Jones
Too Cold At Home,Mark Chesnutt
Whatever Happened to Me,Merle Haggard
Men & Mascara,Julie Roberts
Never Had It So Good,Mary Chapin Carpenter
If A Broken Heart Could Kill,Keith Whitley
These Days I Barely Get By,Daryle Singletary
Without You,Dixie Chicks
Whoever's In New England,Reba McEntire
911 feat. Mary J. Blige,Wyclef Jean
And I Am Telling You I'm Not Going,Jennifer Holliday
Empty Space,Lifehouse
Hawaii,Meiko
Where Do You Think You're Going,Dire Straits
Back on the Crime Scene,Eric Serra
The Rider Song,Nick Cave & Warren Ellis
The Absentee,Spokane
Angelito,Don Omar
Caruso,Andrea Bocelli
The Fourth Drink Instinct,Cute Is What We Aim For
Gretchen Ross,Michael Andrews
Together When...,浜崎あゆみ
My Eyes Burn,Matchbook Romance
Listen to Your Heart (Slow),DHT
Illuminated,Hurts
You're Not From Here,Lara Fabian
Wasteland,Augustana
Before You Walk Out Of My Life,Monica
Love in the Ice,동방신기
Whatever Happens,Michael Jackson
Tu es partout,Édith Piaf
Keep On Your Dress,The Pigeon Detectives
They'll Never Know,Ross Copperman
Le Pont Mirabeau,Marc Lavoine
Trampled Youth,Kid A
Never Forget You,Mariah Carey
Legend Of A Girl Child Linda,Donovan
Where I Wanna Be,Donell Jones
Half Acre,Hem
Tema Per Una Vendetta,Gianni Ferrio
Porcelain,Better Than Ezra
Johnny Wanna Live,Sandra
Wish I Was Dead,Shout Out Louds
The Saddest Song (acoustic),The Ataris
Sweet Little Brother,Ambeon
Sign Off,Sugarcult
Castle Down,Emilie Autumn
Runaway,MAE
You Are Mine,Third Day
A Kiss Without Commitment,Daniel Bedingfield
93 Million Miles,30 Seconds to Mars
Lost In You,Sugarcult
Everything I Build,The Stills
Dear Old Man of Mine,Linda Thompson
Alone In Brewster Bay,Minnie Riperton
Cause We've Ended As Lovers,Syreeta
Let Go,Paul van Dyk
Mother and Father,Madonna
Ocean Blue,The Layaways
Every Time We Try,The Layaways
January,The Layaways
Come Back Home,The Layaways
Bitter-Sweet,Roxy Music
La Nuit,Salvatore Adamo
Sometimes Love Just Ain't Enough,Patty Smyth
Trying My Best to Love You,Jenny Lewis
"Two Shots Of Happy, One Shot Of Sad",Matt Dusk
Love Shoulda Brought You Home,Toni Braxton
A Minute Longer,Stereophonics
Never meant to Belong,鷺巣詩郎
Mistral gagnant,Renaud
Nobody Home (1994 Digital Remaster),Pink Floyd
Unchained Melody,Gareth Gates
Torn,LeToya
Nobody But You,Lou Reed & John Cale
Без тебя,Ария
Let It Die,Three Days Grace
There's No Me Without You,Toni Braxton
Hurts The Most,Monica
Misty Blue,Monica
Yo No Naci Para Amar,Juan Gabriel
Rosie,Kelly Jones
Casser la voix,Patrick Bruel
You're My Everything,Santa Esmeralda
Sorry Seems to Be the Hardest,Elton John
Ivy Parker,Boy Kill Boy
Esta Ausencia,David Bisbal
Kiss,Korn
Cure For the Enemy,Billy Talent
Rainin' You,Brad Paisley
Who You'd Be Today,Kenny Chesney
Looking In,Mariah Carey
Homesick,The Cure
It's Just A Matter Of Time,Brook Benton
My Precious,Lifehouse
I Miss You,Aaron Hall
Valentine Lost,Eiríkur Hauksson
When I Get Where I'm Going,Brad Paisley feat. Dolly Parton
Bang Bang Bang Bang,Sohodolls
I Miss My Sky (Amelia Earhart's Last Days),Heather Nova
Calm After the Storm,The Common Linnets
Z nim będziesz szczęśliwsza,Stare Dobre Małżeństwo
Wonderful (Radio Edit),Everclear
Losing You,Kira and the Kindred Spirits
Haru Haru,Big Bang
Reason,Fool's Garden
Snowfall,God Is An Astronaut
Why Does It Hurt So Bad,Whitney Houston
What Do The Lonely Do At Christmas,The Emotions
Shadows and Regrets,Yellowcard
Being human,God Or Julie
The 3:10 to Yuma,Marco Beltrami
Nic się nie stało,Ania
Different Ways,A Secret Sense
KKKanadians,Vo.Caliber
あなた,Acid Black Cherry
Hurricane Glass,Catherine Feeny
We Can't Be Friends,Deborah Cox
A Letter From Janelle (Acoustic),Chiodos
Can't Fall In Love,Erja Lyytinen
I Surrender,Céline Dion
The Man You Love,Il Divo
En Aranjuez Con Tu Amor,Il Divo
Chaconne,Secret Garden
Quiet As A Mouse,Margot & the Nuclear So and So's
Do I Have To Cry For You,Nick Carter
There Is None,The Working Title
Happiness,Dance Gavin Dance
No Regrets,Girls Aloud
Deform to Form a Star,Steven Wilson
Rite of Spring,Angels & Airwaves
Save Your Love,Great White
Ethnicolor 1,Jean Michel Jarre
Go,Bleu
Wish I Didn't Know Now,Toby Keith
I Can't Be Your Friend,Rushlow
Mockingbird,Low Millions
He Never Got Enough Love,Lucinda Williams
I'd Be Better Off in a Pinebox,Doug Stone
Like We Never Loved at All (feat. Tim McGraw),Faith Hill
If Only Your Eyes Could Lie,Aaron Tippin
Then Again,Alabama
Like We Never Loved At All,Tim McGraw & Faith Hill
Little Red Balloon,Kristina Cornell
The Day She Left Tulsa,Wade Hayes
If You Came Back From Heaven,Keith Whitley & Lorrie Morgan
I'm Already There (Message From Home),Lonestar
Like We Never loved at all,Tim McGraw
The Little Girl,John Michael Montgomery
Used To The Pain,Tracy Lawrence
The Walk,Sawyer Brown
45,The Bittersweets
If I Die Young,The Band Perry
Nan,비
Will of the Heart,鷺巣詩郎
additional cause for sorrow,Deadman
Let Me Go,Scott Stapp
Permanent,David Cook
I Miss You So Much,TLC
Milim,Harel Skaat
Flying Without Wings,Soulwax
Soldier On,The Temper Trap
SCREEN,D'espairsRay
Broken Sonnet,Hale
Bosco,Placebo
Assassine,Pascal Obispo
Châtelet Les Halles,Florent Pagny
"Too Much, Too Little, Too Late",Deniece Williams
Sound Life,Akima & Neos
Costello (B-Side),Straylight Run
How Could You,Mario
Breaks My Heart,Monica
I Will,Chris de Burgh
Une Vie D'amour,Charles Aznavour
I Was Young When I Left Home,Antony with Bryce Dessner
Ahora Quien,Marc Anthony
Hollow Talk,Choir of Young Believers
Tom Drunk,Ky-Mani Marley
Do You Believe In Loneliness,Marc Anthony
L'Aurora,Eros Ramazzotti
Today Won't Go Down In History,Enter Shikari
Beyond The Trees,Doro
Half a Heart,One Direction
A Songto Say Goodbye,Placebo
Hallelujah,Kate Voegele
Looking At My Feet,Room Eleven
Il Attend La Pluie,Hélène Ségara
Back Where We Started,Tina Dickow
Falco a metà,Gianluca Grignani
Lovers And Friends,Lil Jon & The East Side Boyz
The Love We Had (Stays On My Mind),Dru Hill
Smile (Demo),David Gilmour
I Don't Wanna Know (Featuring Enya & P.Diddy),Mario Winans
Rain Delays,Crash Parallel
Between The Bars (Orchestral),Elliott Smith
"Rise, Sam and Rimsky-Korsakov",John Cale
Alone Without You,Mark Owen
When I Close My Eyes,Rhonda Vincent
Whiskey Lullaby Feat. Alison Krauss,Brad Paisley
Demons,Brian McFadden
Devil in the Details,Placebo
Forever's gone,Valser
Black soul,Valser
La monture,Julie Zenatti
Walked Outta Heaven,Jagged Edge
Statue Of A Fool,Jack Greene
水の証,田中理恵
Living In A Lie (Radio Edit One),Guano Apes
Sous l'oeil de l'ange,K-Maro
Flowers for a Ghost,Thriving Ivory
...All The Go Inbetweens,Silversun Pickups
Goodbye To The Broken,Ian Brown
Where Butterflies Never Die,Broken Iris
Dark Turn of Mind,Gillian Welch
How About A Little Waltz?,Cédric Vuille
Juste une raison encore,Patrick Fiori
予感,DIR EN GREY
Planos e Promessas,Fresno
Velha História,Fresno
Chinmoku,DuelJewel
Líza a Wendy,Horkýže Slíže
サナトリウム,Plastic Tree
Suddenly,Ashley Tisdale
M,Bleak
Kleider machen Leute,Ben
Paint Like That,Sick of Sarah
Love Will Remember,Selena Gomez
Caravan to Baghdad,Hamid Baroudi
Tsuki To Tawamure,DuelJewel
Margherita,Riccardo Cocciante
Роман,Ирина Дубцова
Другая,Света
Julian,Say Lou Lou
Never Should've Let You Go,Hi-Five
500 Miles,"Peter, Paul & Mary"
Rose Bouquet,Phil Vassar
Croatian Rhapsody,Maksim Mrvica
Ooh La (Lowlands Acoustic Session),The Kooks
Itoshii Hito (Beta de Suman.) -2006 ver.-,雅-MIYAVI-
Tego chcialam,Ania
庆祝生活的方法,木马
Musica E',Eros Ramazzotti
Runaway World,Making April
Empty Glass,Gary Stewart
退治屋 珊瑚,和田薫
Thirteen Days,John Wesley
Volver a Amar,Cristian Castro
I'm a Ruin,Marina & the Diamonds
Rain On A Tin Roof,Julie Roberts
Sun Up Running for Home,Matthew Good
Moving On,Toya
Hello Alone,Anberlin
Дыши,Serebro
Делай мне больно,Винтаж
Bringing Mary Home,Country Gentlemen
Get Outta My Head,Intwine
Осколки лета,Валерий Меладзе
Tears of an Angel,RyanDan
Angel On My Shoulder,Gareth Gates
Everybody's Talkin,Harry Nilsson
Stonehenge,Fresno
Still In Love,Linda Teodosiu
Lune,Bruno Pelletier
I want to be with you,Nautilus Pompilius
Girl in a Room,Antiqcool
Stuck in the Moment,Justin Bieber
03 - Emu~For My Dear~,GACKT
madoromi ninpouchou,陰陽座
Synchronicity ~ Shining,SUGIZO
黒い傘,Plastic Tree
High Hopes,Kodaline
I Am Suicidal,Daniel Jerome
Who I Was Born To Be,Susan Boyle
Zench,Malice Mizer
Melvin,Mexican War Machine
If You Don't Wanna Love Me,Tamar Braxton
Funny Feelings,112
Hello,Cue
Pretty Girl at the Airport,The Avett Brothers
Walk With Me,Swan Lee
I Lie,Jason McCoy
Easier,James The Viking
Respiro,Franco Simone
Wasted Bridges,Kirlian Camera
Прошедший день,Константин Никольский
Four Become One,Hawthorne Heights
Man o Gonjeshkaa,Googoosh
О нём,Ирина Дубцова
Goodbye Kiss,Kasabian
"Don't, This Way",The 77's
River of Tears (Live),Eric Clapton
Mon Homme,Nicoletta
Where Did You Go?,MxPx
Streep Mijn Naam Maar Weg,Bløf
Apparitions,Matthew Good
All I Want Is You,Julie Roberts
The West Coast,The Pineapple Thief
Shouldn't Come Back,Demi Lovato
Unwanted,The Strange Familiar
Words We Both Know,James Blake
Her November Diary,8mm Sky
Dead By Midnight,Spetsnaz
Where You At,Joe
If I Were You,Tamia
Goodbye (Album Version),Tevin Campbell
Confused (Album Version),Tevin Campbell
Long Way From Home,Johnny Gill
Maybe,Johnny Gill
Purple Rain (Live),Prince & The Revolution
Lately I,Faith Evans
I Get Lonely [TNT Remix],Janet Jackson
It's Gonna Rain,Kelly Price
One Day You Will,Deborah Cox
I'm Over You,Tamar Braxton
Where You At Feat Papoose,Joe
Hurt So Much,Deborah Cox
Worst Case Scenario,Joe
So She Wears Black,Revolution Renaissance
My Road,Jorn
Si J'Avais Su T'Aimer,Chimène Badi
No Condition,Mary J. Blige
ใจฉันเป็นของเธอ,Boy Peacemaker
Appuntamento Con Il Destino,Gianni Ferrio
"Hush, the Dead Are Dreaming",Furniture
Untergehen (Demo Version),Thimo Sander
Tu Peux Partir,La Chicane
Glory (feat. P Bailey),DaForce
In Absentia: IX. Peace,Kevin Keller Ensemble
Outskirts,Packway Handle Band
Замок из дождя,Владимир Пресняков
Memories I Have To Forget,JDonn
I'm Like Winter,JDonn
Seeing You Tonight,Kaci Battaglia
Любовь в ладонях,Новый Иерусалим
Alamo's Battle,Gianfranco Plenizio
В твоих глазах,Катя Чехова
Miss you,Claire Cameron
Polaroid,Cédric Vuille
The Letter,Cédric Vuille
Stole (Pop Edit),Kelly Rowland
Little Understanding,A Secret Sense
Страна чудес,СерьГа
Stay With Me (Album Version),Danity Kane
All We Are,Jonah
absolutamente nada,Fresno
Leave It All Behind,Rameses III
Abyss,Christian Fennesz-Ryuichi Sakamoto
Wide Open Doors,Portrait Of David
Prayer,Soraya
Oh Mary acoustic remix,Antiqcool
I Carry Them In My Head,Antiqcool
Looking Out For You,Sean Wright
Embraced,Paul Cardall
Make You Feel My Love,Ronan Keating
Gave It All Away,Boyzone
Певец и актриса (feat. Staisha),Noize MC
A Waste of Space,Dayshell
Algo de Mi,Camilo Sesto
Ese Hombre,Rocio Jurado
Je Me Souviens,Faudel
Au Café Des Délices,Patrick Bruel
Jag Soona Soona Lage,Rahat Fateh Ali Khan
Mit Jaaye,Sandeep & Sanjeev Vyas
Sunn Raha Hai,Ankit Tiwari
Better Off Dead,Flotsam and Jetsam
On A Day Like Today,Bowes & Morley
January 28 ～two of us～,上木彩矢
A constellation,上木彩矢
Alkoholmädchen (Remastered),Udo Lindenberg
Doma je doma,Vlasta Redl
Signora mia,Sandro Giacobbe
Josephine,Ghostface Killah Feat. Trife Da God & The Willie Cottrell Band
El Amor,José Luis Perales
Billy Dale,Dolly Parton
Goodbye For A While,Blue Highway
How Can I Help You to Say Goodbye,Patty Loveless
(Nobody Answers) When I Call Your Name,Vince Gill (with Patty Loveless)
Stary Stary Night,Don McLean
我好想你,苏打绿
The Rhapsody,Kira and the Kindred Spirits
Voy camino a los 50,Cacho Castaña
The Sound of Shadows,James Cahall
Angel,Jamey Johnson
La Canzone Di Solveig,Nini Rosso
Chère amie,Marc Lavoine
I Who Have Nothing,Joe Cocker
If I Succeed,Van Susans
through the storm to you,mr.kap
Pedro Nadie (Live),Piero
La Voce Del Silenzio,Francesco Renga
La Mort de la Biskwee {From Belliou-la-Fumee},L'Ensemble Rayé
La Mort de la Biskwee {From Belliou-la-Fumée},L'Ensemble Rayé
Me Equivoque,María José
Las Manos,Sandro
Time is Nothing,resident hero
Fico Assim Sem Você,Claudinho & Buchecha
Asklarin En Güzeli,Ferhat Göçer
Can't Tell You,Kid A
October and April,The Rasmus
Så længe jeg lever,John Mogensen
When Love Falls Apart,Frances Livings
Anioł Bezdomny,Mirosław Czyżykiewicz
Es Tu Amor,Hany Kauam
View From a Barstool,Matt Martino
Eden,FOWL
Milonga del Solitario,Jorge Cafrune
Here Today (Tribute To John Lennon),Paul McCartney
Someone's Waiting for You,Shelby Flint
Muscle Museum (Radio Edit),Muse
"Tuesday 11th February, Moor Street, London",Roger Grund
Ne Olur Anla Beni,Irem
The Clifton Suspension Bridge,Richel Bilderbeek
Tu vas me détruire,Daniel Lavoie
Je parle flou,Lynda Lemay
Nothin' Grows In Shadows,Jake Owen
Without U,G.NA
Beautiful Love Song (English Vocal & Orchestra Version),Toshi
The Shadow of The Light,Living on Land
Взгляд с экрана,Nautilus Pompilius
Iron Lady,Diamanda Galás
Womanhood,Tammy Wynette
"Like a Motherless Child (Trad., Arr. Sommermeyer)",JS (Joerg Sommermeyer)
Снегири,Юрий Антонов
Ill serve my time,Johnny Wrong
No. 4. Ich hab die Nacht getraumet (Last Night I Dreamt),Max Reger
Every Rose has it's Thorne,Poison
Le Bonheur Tout Simplement,Grégory Lemarchal
"Angels, Roses And Rain",Dickey Lee
"Daphnia""",Yo La Tengo
Vento no Litoral,Cássia Eller
Fevereiro,Scracho
Hipocresia,Los Pasteles Verdes
The Wait,Clou
Máci,O5 & Radeček
Kopernik,O5 & Radeček
Jednoho dne se vrátíš,Věra Špinarová
Last Song,LAREINE
This Ain't Love,Reaction 7
Purgatory,Vo.Caliber
I'll Miss You,Vo.Caliber
If It Wasn't For,Vo.Caliber
Lucid Coma,Vo.Caliber
Manic Addict,Vo.Caliber
Nobody Feels Good (feat. Gruesum Thoughtz),Vo.Caliber
Ours (feat. Fedolo),Vo.Caliber
Stress Junkie,Vo.Caliber
Suicide Contingency Plan,Vo.Caliber
You Only Die Once,Vo.Caliber
Killing Me Softly,Edward Simoni
Si je manquais de ta peau,Pascal Obispo
How About Me,Everything But the Girl
L'Ombre D'Un Homme,Ben l'Oncle Soul
Green Eyed Taxi,Brazzaville
Yesterday Is Gone,Tri-Continental
Off With Stars,Waiting on Wendy
Live Alone,Deborah Harry
Easy Bein' You,JC Cassis
Song For Beau,Daniel Alexander Music
Прости,Вельвеt
Звезда разлуки.,Русский Размер
This Notes For You (a Duet),Noam Akotonas
Too Little Too Late,The Layaways
The Space Between I,The Layaways
Ты меня любишь,Александр Серов
SAD SONG,John-Hoon
Todo Tiene Su Fin,Dyango
Облако волос,Женя Белоусов
Free,Vanessa Renee
skovannie odnoi cep'u,Nautilus Pompilius
Dos Cosas,Los Terricolas
Piano,ŔĚ·ç¸¶
Cry Cry (Ballad Ver.),티아라
Alexandra Tabt,Allan Olsen
King's Garden,Tim Christensen
Roserne,Karen Busck
Watching Him Go (Acoustic),Tina Dickow
Goodbye,Kick the Kangaroo
Снег,Филипп Киркоров
Les Murailles,Jean-Jacques Goldman
susan looks away,Chris Alastair
Birds,Franka De Mille
A Girl Like Me,Kid A
High Hopes  Radio Edit,Pink Floyd
Happy New Year,Daisy Chapman
Parla più piano,Gianni Morandi
Fácil De Olvidar,Sandro
Seize Ans,Claude Barzotti
"Te Quiero Tanto, Amada Mía",Sandro
Пуаро Агата кристи !,Главная Тема
Голос,Александр Панайотов
Por Eso Bebo,Sandro
La Fuerza del Corazon,Raphael
Miguel E Isabel,Sandro
Russian Roulette,Various Artists
Продавец кукол,Вельвеt
The Gypsy,José Feliciano
http://fcpb2007.narod.ru/,Фан-клуб Патрицио Буанне
Whispers in the Dark,Indecent Obsession
Radiohead/Talk Show Host,Soundtrack
What Goes Around   Comes Aroun,Justin Timberlake
Orpheus In Red Velvet (Demo Version),Marc Almond
The Sea Still Sings (Demo Version),Marc Almond
Simple Obsession,Andru Donalds
Quisiera Decir Tu Nombre,José Luis Perales
París Ante Tí,Sandro
Il paraît,Patrick Fiori
Etre prêtre et aimer une femme,Daniel Lavoie
Хранитель снов,DreamKeeper
Ты это я,Мурат Насыров
Поставит басту,Даша Суворова
Айсберг (zvukoff.ru),Алла Пугачёва
Ako te nije pronasla ljubav,Sergej Ćetković
Alison,Ycare
Parce qu'on m'a dit,Patrick Fiori
Como Quisiera Decirte,Los Ángeles Negros
Còn đâu lời anh hứa,Phạm Khánh Hưng
The Midnight Oil (Previously Released Material),Barbara Mandrell
I've Got You Under My Skin (Frank Sinatra Cover),Seether
Underneath Your Clothes,Shakira
Lips Of An Angel,Hinder
Speechless,The Veronicas
Horses in My Dreams,PJ Harvey
Welcome to My Life,Simple Plan
My Wish,Rascal Flatts
All Your Women Things,Smog
A Lonely September,Plain White T's
Poem to a Horse,Shakira
Kiedy u... kochanie,Janusz Radek
Without A Kiss,Badly Drawn Boy
The Woman in Me (Needs the Man in You),Shania Twain
If You Were a Sailboat,Katie Melua
Circle,Sarah McLachlan
Lost,Anouk
Lost,Michael Bublé
Over You,Daughtry
All These Things I Hate,Bullet for My Valentine
Sad Mood,Sam Cooke
Broken,Seether
Flat on the Floor,Nickelback
A Flat,Staind
Black Hole,Lindsay Lohan
Someday - Single Mix,Nickelback
Stromata,Charlotte Martin
Wicked Game,James Vincent McMorrow
My,Myslovitz
There's A Place For Us,Phil Collins
Sometimes,The Kelly Family
The Suburbs,Arcade Fire
Love Is Blindness,Jack White
T-Shirt,Destiny's Child
And Dream of Sheep,Kate Bush
Dont Think of Me,Dido
Satellite,Natalie Imbruglia
Secret,Maroon 5
Real Men,Tori Amos
Feeling This Is Like To Fall Awake,Halou
If Only She Knew,Michelle Branch
Not About Love,Fiona Apple
Angel,Natasha Bedingfield
"1, 2, 3, 4",Plain White T's
Too Little Too Late,JoJo
Time and Time Again,Papa Roach
Singular Indestructible Droid,Papa Roach
The Next Day,Thrice
He Wasn't,Avril Lavigne
Rainbirds,Tom Waits
Island,Heather Nova
Fancy,Destiny's Child
Strong Enough,Stacie Orrico
Blue,Lucinda Williams
Photograph,Air
Ends,Everlast
The World You Love,Jimmy Eat World
Less Is More,Joss Stone
Exploration B,Poe
now i know how morrissey felt (rmx),Mika
Name,Goo Goo Dolls
The Perfect Ending,Straylight Run
Deadlocked,Tristania
Rain,Breaking Benjamin
Like Toy Soldiers (Produced By Eminem),Eminem
Ready For The World,How to Dress Well
Coming in From the Cold,The Delgados
Hoist the Colours,Hans Zimmer
For You I Will (Confidence),Teddy Geiger
Fall At Your Feet (Acoustic),James Blunt
In Another Life,Ashlee Simpson
Hear Me,Kelly Clarkson
Something I Never Had,Lindsay Lohan
Summer Sunshine,The Corrs
Dice,Finley Quaye & William Orbit
Everything I'm Not,The Veronicas
Long Way To Happy,Pink
Lead A Normal Life,Peter Gabriel
I Don't Want to Care,Jessica Simpson
Kitty Kat,Beyoncé
Music (feat. Lauryn Hill),Joss Stone
Lime Tree,Bright Eyes
A Sight for Sore Eyes,Tom Waits
Walter Reed,Michael Penn
Shake It Off,Mariah Carey
Following,Chungking
Like Me,Girlicious
If U Can't Dance,Spice Girls
Because Of You (Jason Nevins Acapella),Kelly Clarkson
Till We Ain't Strangers Anymore,LeAnn Rimes
This Year's Love (16 / 12 / 00),David Gray
Tattoo (Main Version),Jordin Sparks
All Cried Out,Lisa Lisa & Cult Jam
Hope You're Happy,Lene Marlin
Hallowed (Show Me How),Sacha Sacket
Moonshadow,Mandy Moore
Forever,Papa Roach
Never Think,Robert Pattinson
The Ballad,Millencolin
Have You Ever,Brandy
The Little Things,Colbie Caillat
Possibility,Lykke Li
Next Plane Out,Céline Dion
Spadam,Coma
The Real Life,3 Doors Down
Judas,Kelly Clarkson
Haunted,Kelly Clarkson
There For You,Flyleaf
Wreck of the Day ('06),Anna Nalick
Unbreakable,Fireflight
Geek Love,Nerina Pallot
Understanding Salesmen,Eels
Dying in the Sun,The Cranberries
Looking For Water,Alex Parks
Song Of 27,Richard Buckner
Bird Girl,Antony and the Johnsons
Had Enough,Breaking Benjamin
Will I Ever Make It Home,Ingram Hill
Waiting (Album Version),Trapt
The Leaving Song Pt. II,AFI
Love Me For Me,Ashlee Simpson
Sorry,Ashlee Simpson
I Can't Help Myself,The Kelly Family
Folios,The New Year
Far away - Instrumental,A Secret Sense
The other side of me - Instrumental,A Secret Sense
Sleeper 1972,Manchester Orchestra
Avondale,Yellowcard
Two People Fell In Love,Brad Paisley
I Need to Leave,Puracane
Cold (But I'm Still Here) - Radio Edition,Evans Blue
The strandline - whim of the waves,Anton Rothschild
I Don't Need a Man,The Pussycat Dolls
Tell Me Why,A Secret Sense
Wolf blue (short demo version),Ghostnotes
Suddenly - Instrumental,A Secret Sense
The Hill,Richard Buckner
When I'm Gone (Album Version),3 Doors Down
Zoe Jane (Album Version),Staind
These Short Messages,Halou
Down,blink-182
Le Temps des Cerises,Noir Désir
Lying From You (Live in Texas),Linkin Park
Lullaby,David Gray
Feeding the flames (short demo version),Ghostnotes
Magic Works,Patrick Doyle
FMLYHM (Explicit Version),Seether
Luber,Xiu Xiu
Tears of the Moon,Jiang Xiao-Qing
Сентябрь,Stigmata
No Money No Honey,Marcy Playground
Hazy,Counting Crows
This Love (Radio Edit),Maroon 5
Living My Life,Ashanti
Victim (Album Version),Trapt
How About You (Album Version),Staind
Baby Blues,Kasia Kowalska
Too Bad (Diggla Mix),Nickelback
Where The Rainbow Ends,Television Personalities
Different Ways - Instrumental,A Secret Sense
George Winston - Walking In The Air,George Winston
Heavily Broken (Live Version),The Veronicas
No Hay Otra Manera,Moderatto
Lying From You [Live LP Underground Tour 2003],Linkin Park
100 lat,happysad
Have You Ever ( LP Version ),Brandy
Lost In The Woods (Album Version),Taproot
Bottom Feeders,For the Fallen Dreams
Tell Me Why,Toheart
The End,Jan A.P. Kaczmarek
Dziękuję za miłość,Janusz Radek
Ain't It Funny (Radio Edit),Jennifer Lopez
Star Machine,Natasha
Bon Soir Tristesse (Sommermeyer),JS (Joerg Sommermeyer)
nie ma ciebie - nie ma mnie,Mateusz Ziółko
4 nad ranem,Stare Dobre Małżeństwo
What Does It Matter to Us?,Nokhoi
Spring Snow,Nokhoi
Goodbye Nokhoi / Song for Hachiko,Nokhoi
Лепестки,Evil Not Alone
Закрываю глаза,Тонкаякраснаянить
On a Farewell Note,CJ Shaman
The Fine Art of Sharing Deadly Secrets,Dying Diva
交響曲　第５番　第４楽章　アダージェット,Herbert von Karajan
Дождж,#####
These Are The Days Of Our Liv,Queen
Footprints (short demo versions),Ghostnotes
Demons,The Sad Boy Project
I'm in Love with Someone Else,Suzy
Shelter,The xx
Re: Stacks,Bon Iver
Hopes and Past Desires,Rafael Anton Irisarri
The Speed of Pain,Marilyn Manson
Darkness,Disturbed
Fade,Sophie Zelmani
Daddy's Girl,Scorpions
Not Come Again,Kin
A Sadness Song,Current 93
Henry Lee,Nick Cave & The Bad Seeds
Galapogos,The Smashing Pumpkins
No Second Chance,Blackmore's Night
Falling By The Wayside,People In Planes
(Are You) The One I've Been Waiting For?,Nick Cave & The Bad Seeds
Hurricane,30 Seconds to Mars
The Dreadful Hours,My Dying Bride
Sadness and Sorrow,増田俊郎
Angeles,Elliott Smith
Ode To...,Rachael Yamagata
Catch the Wind,Donovan
Gnossienne No. 1,Erik Satie
Mother,Pink Floyd
Summertime Sadness,Lana Del Rey
My Buddy,Chet Baker
Brother,Beck
Hunter,Dido
Gloomy Sunday,Billie Holiday
La Mer,Nine Inch Nails
Sweet Sadness,Gabin
Innocent Bones,Iron & Wine
Dress Rehearsal Rag,Leonard Cohen
Half a World Away,R.E.M.
Narcoleptic,Placebo
Wake Up,Arcade Fire
Faith,The Cure
Hotel Chelsea Nights,Ryan Adams
Carry You Home,James Blunt
Planet Caravan,Pantera
Hurt (Quiet),Nine Inch Nails
Truenorth,No-Man
A Fond Farewell,Elliott Smith
Don't Believe in Love,Dido
Tomorrow Wendy,Concrete Blonde
Kuolema tekee taiteilijan,Nightwish
Raein,Ólafur Arnalds
Point of a Boundary Line,Love Is Colder Than Death
Disappear,Dream Theater
River of Tears,Eric Clapton
Sam,Massive Attack
Mercy,Sarah McLachlan
Cindy,Ola Podrida
Stupid in Love,Rihanna
The Ship Song,Nick Cave
Голод,Мумий Тролль
Бонни и клайд,Сплин
I Never Learn,Lykke Li
Ma Mémoire Sale,Louis Garrel
I'll Never Smile Again,Billie Holiday
Human,Krewella
Go No More A-Roving,Leonard Cohen
Climbing Up the Walls,Radiohead
Afternoon Sister,Air
Threads,Portishead
Bird On A Wire,Leonard Cohen
Commemoration,Frozen Silence
Jed the Humanoid,Grandaddy
Your New Twin Sized Bed,Death Cab for Cutie
Over,Portishead
Lonely Lonely,Feist
Calendar Girl,Stars
Which Will,Nick Drake
Let Me Down Easy,Chris Isaak
360,Josh Hoge
Done With You,The Whitest Boy Alive
Via con me,Paolo Conte
Gulf Shores,Palace
Heaven Knows I'm Miserable Now,The Smiths
The Academy,Massive Attack
Oh Say Can You See,Lana Del Rey
Unrequited Love,Lykke Li
Vater,Soap&Skin
Lady Marian,Clannad
Until We Bleed (feat. Lykke Li),Kleerup
Daffodil Lament,The Cranberries
Mary,Sarah McLachlan
By the Time,Mika
Halt mich,Herbert Grönemeyer
Make You Feel My Love,Adele
Tender,Blur
Verstärker,Blumfeld
Barricade,Stars
Love and Some Verses,Iron & Wine
A Comet Appears,The Shins
Norwegian Wood (This Bird Has Flown),The Beatles
You've Got to Hide Your Love Away,The Beatles
High Times,Elliott Smith
Don't Go Down,Elliott Smith
Champagne From a Paper Cup,Death Cab for Cutie
The Lottery,Emily Haines & The Soft Skeleton
Goodbye,Emmylou Harris
I See a Darkness,Johnny Cash
Cause We've Ended as Lovers,Jeff Beck
The Boy Done Wrong Again,Belle and Sebastian
The Calm Before The Flood,Orphaned Land
Soldier's Poem,Muse
I'm a Broken Heart,The Bird and the Bee
"Wednesday Morning, 3 A.M.",Simon & Garfunkel
Song From a Secret Garden,Secret Garden
Nothing Like You (When You're Gone),Hello Saferide
Rest My Chemistry,Interpol
Lady Sings The Blues,Billie Holiday
Please Do Not Let Me Go,Ryan Adams
Last Dance,Sarah McLachlan
In The Sun,Joseph Arthur
Sadness,Enigma
I'll Fight,Wilco
La marée haute,Lhasa
Sweet Sweet,The Smashing Pumpkins
Careless Whisper,Wham!
Still Alive,Lisa Miskovsky
Twilight Breeze,Equilibrium
Nowhere Near,Yo La Tengo
Marla,Grizzly Bear
Pavement Cracks,Annie Lennox
This Room,The Notwist
Dancing on My Own,Robyn
Dim,Cult of Luna
King of Sorrow,Sade
Title Track,Death Cab for Cutie
Orchestra,The Servant
Sadness,Stash
The Persistence of Loss,Nine Inch Nails
Alone I Break,Korn
Научи меня быть счастливым,Би-2
Выхода нет,Сплин
Stars,Lacuna Coil
Sky is Over,Serj Tankian
Come Undone,Robbie Williams
Till the Sun Turns Black,Ray LaMontagne
I Know It's Over,Jeff Buckley
Tears in the Typing Pool,Broadcast
Pretty (Ugly Before),Elliott Smith
I've Tried Everything,Eurythmics
No More Sorry,My Bloody Valentine
Sleep,The Roots
The Chalet Lines,Belle and Sebastian
Bacchante,Theatre of Tragedy
Until Tomorrow Then,Ed Harcourt
November,Faun
Quietly,Guano Apes
Small Bump,Ed Sheeran
Miami,Counting Crows
Scapegoat,Guano Apes
Sad-Go-Round,Current 93
Riverdeadbank,Current 93
I Know,Jude
Take It With Me,Tom Waits
What Becomes Of The Brokenhearted,Jimmy Ruffin
La chute de l'ange,Dark Sanctuary
Movie on the Way Down,Jim O'Rourke
If I Was Your Vampire,Marilyn Manson
The Loneliest Guy,David Bowie
Sometimes it Snows in April,Prince
I Never Want to See You Again,Quasi
This Ruined Puzzle,Dashboard Confessional
The Hour We Knew Nothing,Logh
Michigan State,Devendra Banhart
Regret,Anathema
L'autre monde,Dark Sanctuary
Long Gone,Syd Barrett
And No More Shall We Part,Nick Cave & The Bad Seeds
Steep Hills of Vicodin Tears,A Winged Victory for the Sullen
NYC,Burial
Zepp Overature,Charlie Clouser
Hard Time Killin' Floor Blues,Skip James
Alone You Breathe,Savatage
I Saw a Light,Bat for Lashes
If I Fall,Amber Pacific
Dreams,Sebadoh
Feuer und Wasser,Rammstein
Mad World (full version),Gary Jules
Tell Me Why,Cold
Aus den Ruinen,L'Âme Immortelle
I See A Darkness,Steve Adey
Never Born,Guano Apes
Disposable,Story One
I'd Be Better Off (In a Pine Box),Doug Stone
Space Bound,Eminem
Chapter IV,Estatic Fear
Dizzy,Ours
Yumeji's Theme,梅林茂
Küçük Sevgilim,Mor ve Ötesi
愛してない,Acid Black Cherry
To Leave,Shamrain
Fragilidad,Sting
La Clameur du Silence,Dark Sanctuary
Dreams and Dust,Forever Slave
Lethal,Longing for Dawn
The Sad Waltzes of Pietro Crespi,Owen
Sympathy,Mesh
True Born Sons of Levi,Samamidon
Someone Wake Me Up,The Veronicas
You Are a Lover,The Unbending Trees
A Different Kind of Pain,Cold
You Would Have Loved This,Tarja
The Lonely Shepherd,James Last
The Last Hour,Elliott Smith
I am a tear,rebery
Nostalgiaplatz (Acoustic),Novembre
Think About It,Owen
Pippin's song,Howard Shore
Teardrops in the Rain,C.N.BLUE
Kingdom,Ultramarine
Honey,Ultramarine
Küldd Szentlelked,Celtic
Yesterday,Mainstay
I HATE MYSELF AND WANT TO DIE,RENTRER EN SOI
Не жалей,t.A.T.u.
The Valley,Diary of Dreams
This Recording,Jennifer Terran
All I Need,Christina Aguilera
Fulfilled Desire,Takeharu Ishimoto
Love You Better,Oh Land
Презирая печали,Павел Кашин
Spoke,"I, Parasite"
Он не вернулся из боя,Владимир Высоцкий
味道,辛晓琪
아파 (Slow),2NE1
Sheisasinger,Мумий Тролль
至少还有你,Super Junior M
희망은 잠들지 않는 꿈,조규현
Let the cable's sleep,Bush
Nothing Better,종현
Goodbye,Kevin Kerrigan
__temp55,Fleischer
Angels' Roar,Red Rum
Alexandra Leaving,Leonard Cohen
Take This Waltz,Leonard Cohen
The Saddest Song,Morphine
Miles Davis' Funeral,Morphine
Waiting for the Miracle,Leonard Cohen
Avalanche,Leonard Cohen
The Traitor,Leonard Cohen
River of Sorrow,Antony and the Johnsons
Black Wave/Bad Vibrations,Arcade Fire
Even If Love,Bonnie 'Prince' Billy
Bird Gerhl,Antony and the Johnsons
Teachers,Leonard Cohen
Speed Trials,Elliott Smith
Ballad of Big Nothing,Elliott Smith
Master Song,Leonard Cohen
Crown of Love,Arcade Fire
Winter,The Dodos
Blue Ridge Mountains,Fleet Foxes
"Hey, That's No Way to Say Goodbye",Leonard Cohen
The Opposite of Hallelujah,Jens Lekman
In The Cold I'm Standing,M83
Last Days of Disco,Yo La Tengo
Carry the Zero,Built to Spill
A Summer Wasting,Belle and Sebastian
All Mixed Up,Red House Painters
Wait,Tarnation
Tomorrow Tomorrow,Elliott Smith
"Sodom, South Georgia",Iron & Wine
Lion's Mane,Iron & Wine
Displaced,Azure Ray
The Drinks We Drank Last Night,Azure Ray
My Broken Heart,Tiger Trap
I Better Be Quiet Now,Elliott Smith
"Everybody Cares, Everybody Understands",Elliott Smith
Bird Stealing Bread,Iron & Wine
Promising Light,Iron & Wine
Sleepy California,Her Space Holiday
When I Am Gone,Sparrow House
Upward Over the Mountain,Iron & Wine
Immortality,Pearl Jam
The Fairest of the Seasons,Nico
Know,Nick Drake
Solitary Man,Johnny Cash
Never Say Never,The Fray
Joey,Concrete Blonde
The Big Fight,Stars
Since I Left You,The Avalanches
Blue,Joni Mitchell
If I Needed You,Townes Van Zandt
I Cried for You,Katie Melua
Where Do The Children Play?,Cat Stevens
Stay,Alison Krauss
Lady D'Arbanville,Cat Stevens
50 Ways to Leave Your Lover,Paul Simon
Mary Pickford,Katie Melua
Goodbye to Love,Carpenters
If You Go Away,Scott Walker
Will You Still Love Me Tomorrow,Roberta Flack
Streets of London,Ralph McTell
Tennessee Waltz,Patti Page
Saturday Sun,Nick Drake
Free Until They Cut Me Down,Iron & Wine
I Hung My Head,Johnny Cash
Danny Boy,Johnny Cash
Where I End and You Begin,Radiohead
You and Whose Army?,Radiohead
The Good That Won't Come Out,Rilo Kiley
They Are Night Zombies They Are Neighbors They Have Come Back From the Dead,Sufjan Stevens
Animals...,Devendra Banhart
Take Me Somewhere Nice,Mogwai
P Is For Piano,Massive Attack
Nanou2,Aphex Twin
Prelude for Time Feelers,Eluvium
Evacuating London,Harry Gregson-Williams
Wealthy Man,Cat Power
Something To Remember You By,Keith Jarrett
Cantus in Memory of Benjamin Britten,Arvo Pärt
Castle-Time,Chris Garneau
Sand and Rain,Nancy Holloway
Babys,Bon Iver
Over and Over,Chris Garneau
So Real,Jeff Buckley
Strange Form of Life,Bonnie 'Prince' Billy
The Black Crow,Songs: Ohia
Hard Life,Bonnie 'Prince' Billy
Half a Person,The Smiths
Soma,The Smashing Pumpkins
Analyse,Thom Yorke
"If You See Her, Say Hello",Bob Dylan
"Good Morning, Captain",Slint
Washer,Slint
If You Want Me,Glen Hansard & Markéta Irglová
Shelf In The Room,Days of the New
Prisoner Of Love,宇多田ヒカル
With Every Heartbeat,Robyn
I Can See Clearly Now,Johnny Nash
Everything Is Ending Here,Flunk
Remember a Day,Pink Floyd
Exit Music (For A Firm),Radiohead
Baby Doll,Cat Power
Love's a Loaded Gun,Alice Cooper
Don't,Elvis Presley
Name Taken,Massive Attack
Get Big,Okkervil River
Moonshiner,Bob Forrest
Want To Cannot Help But Dance,Billie the Vision & the Dancers
The Night Starts Here,Stars
Song for Sharon,Joni Mitchell
True Love Will Find You in the End,Beck
The Golden Age,Beck
Nobody's Fault But My Own,Beck
Icicle,Tori Amos
너무 그리워 (Miss You),S.M. THE BALLAD
Angel of Sadness,A Camp
Theme of Rome,Danger Mouse & Daniele Luppi
Daredevil,Fiona Apple
Kenji,Fort Minor
Little Girl Blue,Janis Joplin
Sprout and the Bean,Joanna Newsom
Monkey & Bear,Joanna Newsom
Sawdust & Diamonds,Joanna Newsom
Lilac Wine,Katie Melua
Rush Minute,Massive Attack
Worn Me Down,Rachael Yamagata
Desperado,Johnny Cash
Somewhere Over The Rainbow,Israel Kamakawiwo'ole
Don't Love You,TV on the Radio
It's a Sad World After All,Elvis Perkins
Sunshine,Alice in Chains
Annachie Gordon,Loreena McKennitt
Natural Anthem,The Postal Service
Deliver Me,Sarah Brightman
Shatter,Liz Phair
Anyone Else But You,The Moldy Peaches
Spirit,Persephone
Pigeons and Crumbs,Natalie Imbruglia
The Dumbing Down Of Love,Frou Frou
The Bagman's Gambit,The Decemberists
Weary Blues,Madeleine Peyroux
Cut the Crap,Alice in Videoland
Beautiful Day Without You,Röyksopp
Lake of Tears,L'Âme Immortelle
"Etude in E major, op. 10 no. 3 'Tristesse'",Vladimir Ashkenazy
If You Go Away,Emilíana Torrini
Smoke and Mirrors,RJD2
Gollum's Song,Howard Shore
A Wild And Distant Shore,Michael Nyman
Sicilian Pastorale,Nino Rota
Sing in Silence,Sonata Arctica
The Needle Has Landed,Neko Case
Another Year,Amanda Palmer
Shatter,London After Midnight
The Jeep Song,The Dresden Dolls
You Had Time,Ani DiFranco
Joining You,Alanis Morissette
From East To West,Enigma
Because,Elliott Smith
The World Is Black,Good Charlotte
If You Tolerate This Your Children Will Be Next,Manic Street Preachers
A Design for Life,Manic Street Preachers
Going To A Town,Rufus Wainwright
Have I Told You Lately,Van Morrison
Hallelujah,Lisa
New York Minute,Don Henley
You Don't Know,Milow
All Cried Out,Alison Moyet
You Have Been Loved,George Michael
Stop,Sam Brown
Song For Guy,Elton John
Another Day,Buckshot LeFonque
Books From Boxes,Maxïmo Park
There Goes The Fear,Doves
Take It Easy (Love Nothing),Bright Eyes
Saturday Nightmares,Logh
For Today I Am a Boy,Antony and the Johnsons
All the Luck in the World,Monta
Inside of Love,Nada Surf
Ocean Spray,Manic Street Preachers
Please Don't Leave Me,Pink
Lately,Stevie Wonder
Kiss The Rain,Billie Myers
Unbreak My Heart,Toni Braxton
Found Out About You,Gin Blossoms
The Way Things Are,Fiona Apple
Like Dylan in the Movies,Belle and Sebastian
Marquee Moon,Television
You've Got Her in Your Pocket,The White Stripes
What's My Age Again,Richard Cheese
Put the Book Back On the Shelf,Belle and Sebastian
The Blues Are Still Blue,Belle and Sebastian
Life 2: The Unhappy Ending,Stars
"Sad, Sad Song",M. Ward
"Poor Boy, Minor Key",M. Ward
Woman King,Iron & Wine
Cinder and Smoke,Iron & Wine
Fever Dream,Iron & Wine
Passing Afternoon,Iron & Wine
Split Needles,The Shins
The Celibate Life,The Shins
Tonight,Stars
Carousel,Iron & Wine
Shiver,Natalie Imbruglia
Ne Me Quitte Pas,Nina Simone
She's Falling Apart,Lisa Loeb
"Abigail, Belle of Kilronan",The Magnetic Fields
At Least I'm Not as Sad (as I Used to Be),fun.
Losing My Mind,Pet Shop Boys
Never Had No One Ever,The Smiths
Sorrow,David Bowie
Warszawa,David Bowie
October,U2
After the Gold Rush,k.d. lang
The Other Side,Morphine
Killing Game,Skinny Puppy
I'm so Lonesome I Could Cry,Johnny Cash
Free Man In Paris,Joni Mitchell
Karma Police,The Dresden Dolls
Beautiful Boyz,CocoRosie
Bird On A Wire,Johnny Cash
Saddest,Drumcorps
New Birds,Arab Strap
Far More,The Honorary Title
State Of The Union,David Ford
Darf Ich Das Behalten,Wir sind Helden
Satisfied Mind,Jeff Buckley
Fall,Editors
Dinner At Eight,Rufus Wainwright
Bowl of Oranges,Bright Eyes
Southern Anthem,Iron & Wine
Tales of Ordinary Sadness,Electrocute
Romantic Rights,Death from Above 1979
Golden Slumbers,Ben Folds
The Saddest Story Ever Told,The Magnetic Fields
Tearz,Wu-Tang Clan
Close Cover,Wim Mertens
Every Word,Sade
One by One,Billy Bragg & Wilco
Hail to Whatever You Found in the Sunlight That Surrounds You,Rilo Kiley
Thirteen,Johnny Cash
Barcelona,Rufus Wainwright
Bye Bye Baby Blues,Little Hat Jones
Coles Corner,Richard Hawley
En As I Dype Skogen,Darkthrone
New Partner,Palace Music
Reflections After Jane,The Clientele
Autumn Sweater,Yo La Tengo
A Sight to Behold,Devendra Banhart
Distortions,Clinic
The Big Guns,Jenny Lewis with The Watson Twins
All the Pretty Horses,Calexico
Have You Seen Her,The Chi-Lites
Popular Mechanics for Lovers,Beulah
Wild Horses (Acoustic),The Rolling Stones
These Are the Fables,The New Pornographers
The Animals of the World,Great Lake Swimmers
Fly,Nick Drake
Maybe Sparrow,Neko Case
The Spiderbite Song,The Flaming Lips
Ratts of the Capital,Mogwai
Thirteen,Big Star
Bloody Murderer,Cursive
By Your Side,Beachwood Sparks
Red Berries,Angus & Julia Stone
Fa Fa Fa Fa Fa (Sad Song) (Live),Otis Redding
Confessions,Peter Murphy
Lethal Enforcer,We Are Scientists
Prison Girls,Neko Case
It's My Party,Bryan Ferry
Sad Songs And Waltzes,Willie Nelson
Roses Blue,Joni Mitchell
Dear Chicago,Ryan Adams
Grace Cathedral Park,Red House Painters
Somebody Already Broke My Heart,Sade
Calm Under the Waves,Maria Mena
I Turned You Down,Riverside
Crawling Up a Hill,Katie Melua
Innocente (Falling in Love),Delerium
Stay Together,Suede
Everything's Not Lost,Coldplay
Sad Professor,R.E.M.
In Limbo,Radiohead
Suicide Underground,Air
Peeping Tom,Placebo
Up on the Ladder,Radiohead
Sleep Together,Porcupine Tree
156,Mew
Push Your Head Towards The Air,Editors
The Engine Driver,The Decemberists
Mr. Writer,Stereophonics
Move On Now,Hard-Fi
"Eve, The Apple Of My Eye",Bell X1
Then If I'm Weird I Want to Share,Tender Forever
Nan,Ween
Someday,Ween
Drown,The Smashing Pumpkins
Losing Lisa,Ben Folds
Rain,Guano Apes
Morning Theft,Jeff Buckley
"Me, I'm Not",Nine Inch Nails
Forgotten Hopes,Anathema
To Have and Not to Hold,Madonna
Tiger Lily,Matchbook Romance
Shift,Radian
Many Shades of Black,The Raconteurs
All You Wanted,Michelle Branch
"The Aeroplane Flies High (Turns Left, Looks Right)",The Smashing Pumpkins
Cherry,The Smashing Pumpkins
As Embers Dress The Sky,Agalloch
Jupiter Crash,The Cure
Into the Ocean,Blue October
The Cold Swedish Winter,Jens Lekman
Summer: Hope Overture,Clint Mansell
Day Is Done,Nick Drake
Baloney Again,Mark Knopfler
"If I Don't Write This Song, Someone I love Will Die",Hello Saferide
Last Bitter Song,Hello Saferide
Tho You Are Gone I Still Often Walk W/You.,A Silver Mt. Zion
Ágætis byrjun,Sigur Rós
Sorrow,Hans Zimmer
Madame de Pompadour,Murray Gold
Smaointe,Enya
Static,Godspeed You! Black Emperor
Candy Says,Antony and the Johnsons
Summer's End,Amorphis
Human Nature,Madonna
Now Comes the Night,Rob Thomas
In Fact (the Carousel Remix),Gregory and the Hawk
Gone,Ben Folds
Heartbreaker,Metronomy
All My Little Words,The Magnetic Fields
Sunlight,Max Richter
Bright,Efterklang
Blood,The Middle East
Rose Hip November,Vashti Bunyan
Modern Romance,Yeah Yeah Yeahs
Know It All,Angela McCluskey
Sexfaldur,Amiina
The Thinner the Air,Cocteau Twins
One,Alanis Morissette
All You Leave Behind,Paradise Lost
A Pillow of Winds,Pink Floyd
The Leaving Song,AFI
Bullets,Augustana
A French Love,Anna Ternheim
Since I've Been Loving You,Corinne Bailey Rae
Casi Te Envidio,Andy Montañez
Sleep Will Come,Bliss
Am I Only,Black Rebel Motorcycle Club
Where Dreams Go to Die,John Grant
Over And Over,Moloko
Mysteries,Beth Gibbons & Rustin Man
Home,The Legendary Pink Dots
Heartbroken Forever,Tender Forever
sad robot,pornophonique
Celestica,Crystal Castles
Edge Hill,Groove Armada
No Expectations,Soulsavers
The Kindness of Strangers,Nick Cave & The Bad Seeds
Burn That Broken Bed,Iron & Wine and Calexico
Trees,Pulp
Treasure,The Cure
Touched,Vast
Burning Our Bed,Alice Cooper
Gloomy Sunday,Sarah McLachlan
Back When You Were Beautiful,No-Man
Nightingale,Frozen Silence
A Hard Rain's a-Gonna Fall,Bob Dylan
Way to Blue,Nick Drake
'Cello Song,Nick Drake
Man in a Shed,Nick Drake
After All,David Bowie
Freelove,Depeche Mode
Look After Me,Hot Chip
Atrocity Exhibition,Joy Division
Atom Heart Mother,Pink Floyd
Summer '68,Pink Floyd
Small Blue Thing,Suzanne Vega
Infinita tristeza,Manu Chao
Lovestain,José González
That I Would Be Good,Alanis Morissette
Independence Day,Bruce Springsteen
Shut Out the Light,Bruce Springsteen
You,Candlebox
Anna Begins,Counting Crows
Top of the World,Dixie Chicks
The Weakness In Me,Joan Armatrading
Nobody,Johnny Cash
Swingset Chain,Loquat
La mamma morta,Maria Callas
Into The Dark,Melissa Etheridge
Bleeding Me,Metallica
Lost Unto this World,Emmylou Harris
Song for the Angels,Great Lake Swimmers
The Frail,Nine Inch Nails
Waiting for Love,Pink
Fly Away,Poe
Creep (Radio Edit),Radiohead
Damned Ladies,Rufus Wainwright
Answering Bell,Ryan Adams
My Winding Wheel,Ryan Adams
April Come She Will,Simon & Garfunkel
Action/Adventure,Andrew Bird
Niagara Falls,Sufjan Stevens
The Cactus Where Your Heart Should Be,The Magnetic Fields
Love in the Shadows,The Magnetic Fields
No Blue Sky,The Thorns
Dondante,My Morning Jacket
Tage wie dieser,Juli
Best Imitation of Myself,Ben Folds Five
You'll Follow Me Down,Skunk Anansie
Detouring America With Horns,Yo La Tengo
It's My Own Cheating Heart That Makes Me Cry,Glasvegas
Anthems for a Seventeen Year-Old Girl,Broken Social Scene
Piano Fire,Sparklehorse
Murder Song,The Cooper Temple Clause
Summer Overture,Clint Mansell
Suicide Is Painless,Manic Street Preachers
Who Will Love Me Now,PJ Harvey
Closing,Philip Glass
Obscured,The Smashing Pumpkins
Unforgivable Sinner,Lene Marlin
Binary Love,The Rakes
The Mercy Seat,Nick Cave & The Bad Seeds
UR,Tiësto
Empty,Metric
Summer Moved On,a-ha
Music For A Nurse,Oceansize
Crazy English Summer,Faithless
Watching Lara,Yann Tiersen
Elysium,Hans Zimmer
Where We Would Be,Porcupine Tree
L'absente,Yann Tiersen
Chained,The xx
Shoreline,Anna Ternheim
Feeling Yourself Disintegrate,The Flaming Lips
Suddenly Everything Has Changed,The Postal Service
Stop the Show,Built to Spill
Momma Sed,Puscifer
Sisters! Brothers! Small Boats of Fire Are Falling From the Sky!,A Silver Mt. Zion
Alone Down There,Modest Mouse
The Stars Are Projectors,Modest Mouse
Mugicone,Mugison
The Cold Part,Modest Mouse
We Won't Go,Hungry Lucy
Immune,Low
The Center of the World,Bright Eyes
Mile End,Pulp
I Am Not Surprised,The Organ
Look On Down From The Bridge,Mazzy Star
Party,El Perro del Mar
Ester,Elefant
Company Calls Epilogue,Death Cab for Cutie
All At Once,Pete Yorn
Father Of Mine,Everclear
Sow Some Lonesome Corner So Many Flowers Bloom,A Silver Mt. Zion
You Don't Know Me,Caetano Veloso
Return to Hot Chicken,Yo La Tengo
Maid Of Bond Street,David Bowie
Fewer Words,Badly Drawn Boy
Andalucia,Yo La Tengo
Silly Love Songs,Red House Painters
Never Went to Church,The Streets
Lonely,Tom Waits
Beautiful Boy (Darling Boy),John Lennon
Drowned World/Substitute for Love,Madonna
The Next Time You Say Forever,Neko Case
Alabama,John Coltrane
Keep on Runnin',Cat Power
Moonromanticism,Empyrium
The Island,The Decemberists
Railroad Man,Eels
The Wait,Built to Spill
Don't Take Your Love Away,Vast
gravity,菅野よう子
The Idol,W.A.S.P.
One With the Freaks,The Notwist
Kothbiro,Ayub Ogada
The Drop,Peter Gabriel
The Hill,Markéta Irglová
Waltz #2 (XO),Elliott Smith
Long Life,Primal Scream
Why I'm So Unhappy,Dntel
With My Eyes Closed,The Raveonettes
These Streets,Paolo Nutini
Hero,Regina Spektor
For Now,Thomas Feiner & Anywhen
Violence,blink-182
Soco Amaretto Lime,Brand New
Little Fat Baby,Sparklehorse
Fljótavík,Sigur Rós
Op Beach,Mono
I Chose Horses,Mogwai
Stronghold,Angels & Agony
Aufbruch,Schiller
Solitary,VNV Nation
Cursed Sleep,Bonnie 'Prince' Billy
Isolation,Into Eternity
Splintered Visions,Into Eternity
Black Heart,Calexico
The Gift,Annie Lennox
I Fell in Love With a Dead Boy,Antony and the Johnsons
Worlock,Skinny Puppy
Boring Machines Disturbs Sleep,Mogwai
Dream Scream,Daniel Johnston
Careless Love,Bonnie 'Prince' Billy
Sweet Wine,Cream
Tugboat,Galaxie 500
Sayat Nova,Djivan Gasparyan
Of This Land,Clannad
Tu Mirada Y Mi Voz,Susana Baca
When Sorrow Sang,Blind Guardian
The Carpenter,Nightwish
To Live Is to Hide,Lacuna Coil
Mary Anne,Marshall Crenshaw
How?,John Lennon
MHz,Modwheelmood
Sky and Sand,Paul & Fritz Kalkbrenner
Alternative 4,Anathema
The Screen Behind the Mirror,Enigma
Hearts of Olden Glory,Runrig
Send In The Clowns,Frank Sinatra
Cry! Cry! Cry!,Johnny Cash
Swanheart,Nightwish
This Night Has Opened My Eyes,The Smiths
I've Seen That Movie Too,Elton John
Maybe Someday,The Cure
Days Like This,Van Morrison
Seelenschmerz,Blutengel
Stormy Weather,Billie Holiday
A River Don't Stop to Breathe,múm
Feint,Epica
Duk Koo Kim,Sun Kil Moon
To Let Myself Go,Ane Brun
Why Are You Fearful?,Desiderii Marginis
Firdous E Bareen,Isis
Way with Words,Allie Moss
Leave Me Alone,Natalie Imbruglia
Get Gone,Fiona Apple
View from Heaven,Yellowcard
I Don't Sleep Well,Hello Saferide
Those Little Things (Ces Petits Riens),Carla Bruni
Boom Boom Bâ,Métisse
From Stardust to Sentience,High Places
President of What?,Death Cab for Cutie
Two Headed Boy,Neutral Milk Hotel
Lament,The Cure
Dream Brother,Jeff Buckley
Pas si simple,Yann Tiersen
Sweet Surrender(Dj Tiesto Mix),Sarah McLachlan
Blind,TV on the Radio
Without You,Ypey
Sun Is Shining,ReUnited
Third Awakening,Project Divinity
Long Hard Road,Sade
The Nameless,Slipknot
Pulling Our Weight,The Radio Dept.
Inversion,Bersarin Quartett
Where Friend Rhymes With End,Ane Brun
Master of None,Beach House
Miniature 3,Matthew Robert Cooper
Airing,Beady Belle
Koop Islands Blues,Koop
Glen's Goo,The Dead Texan
A Celebration for the Death of Man...,Agalloch
"Dark City, Dead Man",Cult of Luna
Waiting for You,Cult of Luna
Burn,Neurosis
Nightfall,Norther
Ethereal,High on Fire
Conclusion,Apocalyptica
Heartkiller,Him
Disconnected,In Flames
Metaphor,In Flames
Say My Name,Within Temptation
Clenched Tight In The Fist Of God,Old Man Gloom
Unbraiding The Sun,Goldmund
Für Alina,Arvo Pärt
Un Grand Sommeil Noir (Original Version),Edgard Varèse
Leather And Lace,Stevie Nicks
Kiss and Say Goodbye,The Manhattans
No One Knows You,Billie the Vision & the Dancers
"My My, Hey Hey",Neil Young
This Song Brought To You By A Falling Bomb,Thursday
Jumper,Third Eye Blind
Vito's Ordination Song,Sufjan Stevens
A Time to Be So Small,Interpol
Shenandoah,Keith Jarrett
Welcome to My Truth,Anastacia
Life Got Cold,Girls Aloud
I Got The Wherewithal,Theaudience
Crowd Surf Off a Cliff,Emily Haines & The Soft Skeleton
Don't Leave Me Now,Amparanoia
True Love Waits,Christopher O'Riley
Something,Al Green
Cold Days from the Birdhouse,The Twilight Sad
Detlef Schrempf,Band of Horses
Perfect Day (Featuring Evan Dando),Kirsty MacColl
Laugh Before You Grin,Lydia
(*Fin),Anberlin
Murder in the City,The Avett Brothers
Astair,Matt Costa
99% Of Us Is Failure,Matthew Good
Most Lonely Face,The Holloways
I Know It's Coming Someday,Longwave
Minerva,Deftones
